iti_e_x_ne_6_8_0,iti_e_x_se_6_8_0,trl_e_x_xx_4_6_1,trl_e_x_xx_8_6_3,trl_n_x_xx_6_4_2,trl_n_x_xx_6_8_0,trl_s_x_xx_6_4_2,trl_s_x_xx_6_8_0,trl_w_x_xx_4_6_1,trl_w_x_xx_8_6_3
iti_e_x_ne_6_8_1,iti_e_x_se_6_8_1,iti_n_x_ne_8_6_0,iti_n_x_nw_8_6_0,iti_s_x_se_4_6_2,iti_s_x_sw_4_6_2,iti_w_x_nw_6_4_3,iti_w_x_sw_6_4_3,trl_e_x_xx_4_6_2,trl_e_x_xx_8_6_0,trl_n_x_xx_6_4_3,trl_n_x_xx_6_8_1,trl_s_x_xx_6_4_3,trl_s_x_xx_6_8_1,trl_w_x_xx_4_6_2,trl_w_x_xx_8_6_0
iti_e_x_ne_6_8_2,iti_e_x_se_6_8_2,trl_e_x_xx_4_6_3,trl_e_x_xx_8_6_1,trl_n_x_xx_6_4_0,trl_n_x_xx_6_8_2,trl_s_x_xx_6_4_0,trl_s_x_xx_6_8_2,trl_w_x_xx_4_6_3,trl_w_x_xx_8_6_1
iti_e_x_ne_6_8_3,iti_e_x_se_6_8_3,trl_e_x_xx_4_6_0,trl_e_x_xx_8_6_2,trl_n_x_xx_6_4_1,trl_n_x_xx_6_8_3,trl_s_x_xx_6_4_1,trl_s_x_xx_6_8_3,trl_w_x_xx_4_6_0,trl_w_x_xx_8_6_2
iti_e_x_ne_6_9_0,iti_e_x_se_6_9_0
iti_e_x_ne_6_9_1,iti_e_x_se_6_9_1
iti_e_x_ne_6_9_2,iti_e_x_se_6_9_2
iti_e_x_ne_6_9_3,iti_e_x_se_6_9_3
iti_e_x_ne_6_10_0,iti_n_x_nw_6_2_2,iti_s_x_se_6_10_0,iti_w_x_sw_2_6_1
iti_e_x_ne_6_10_1,iti_e_x_se_2_6_2,iti_n_x_ne_10_6_0,iti_n_x_nw_6_2_3,iti_s_x_se_6_10_1,iti_s_x_sw_2_6_2,iti_w_x_nw_6_2_3,iti_w_x_sw_2_6_2
iti_e_x_ne_6_10_2,iti_e_x_ne_10_6_1,iti_e_x_se_6_10_2,iti_e_x_xx_6_2_0,iti_e_x_xx_10_6_1,iti_n_x_ne_6_10_2,iti_n_x_nw_6_2_0,iti_n_x_xx_2_6_3,iti_n_x_xx_6_2_0,iti_n_x_xx_6_10_2,iti_s_x_se_6_10_2,iti_s_x_sw_6_2_0,iti_s_x_xx_6_2_0,iti_s_x_xx_6_10_2,iti_s_x_xx_10_6_1,iti_w_x_nw_10_6_1,iti_w_x_sw_2_6_3,iti_w_x_xx_2_6_3,iti_w_x_xx_6_10_2,iti_w_x_xx_10_6_1
iti_e_x_ne_6_10_3,iti_n_x_nw_6_2_1,iti_s_x_se_6_10_3,iti_w_x_sw_2_6_0
iti_e_x_ne_7_10_0,iti_e_x_se_2_7_1,iti_e_x_xx_2_7_1,iti_e_x_xx_5_2_2,iti_e_x_xx_10_5_3,iti_n_x_ne_7_10_0,iti_n_x_nw_10_5_3,iti_n_x_xx_2_7_1,iti_n_x_xx_5_2_2,iti_n_x_xx_7_10_0,iti_s_x_se_2_7_1,iti_s_x_sw_5_2_2,iti_s_x_xx_5_2_2,iti_s_x_xx_7_10_0,iti_s_x_xx_10_5_3,iti_w_x_nw_10_5_3,iti_w_x_sw_5_2_2,iti_w_x_xx_2_7_1,iti_w_x_xx_7_10_0,iti_w_x_xx_10_5_3,trl_e_x_xx_2_7_1,trl_e_x_xx_10_5_3,trl_n_x_xx_5_2_2,trl_n_x_xx_7_10_0,trl_s_x_xx_5_2_2,trl_s_x_xx_7_10_0,trl_w_x_xx_2_7_1,trl_w_x_xx_10_5_3
iti_e_x_ne_7_10_1,iti_e_x_se_2_7_2
iti_e_x_ne_8_10_0,iti_e_x_se_2_8_1,iti_e_x_xx_4_2_2,iti_e_x_xx_10_4_3,iti_n_x_ne_8_10_0,iti_n_x_nw_10_4_3,iti_n_x_xx_2_8_1,iti_n_x_xx_4_2_2,iti_s_x_se_2_8_1,iti_s_x_sw_4_2_2,iti_s_x_xx_8_10_0,iti_s_x_xx_10_4_3,iti_w_x_nw_10_4_3,iti_w_x_sw_4_2_2,iti_w_x_xx_2_8_1,iti_w_x_xx_8_10_0,trl_e_x_xx_2_8_1,trl_e_x_xx_4_2_2,trl_e_x_xx_8_10_0,trl_e_x_xx_10_4_3,trl_n_x_xx_2_8_1,trl_n_x_xx_4_2_2,trl_n_x_xx_8_10_0,trl_n_x_xx_10_4_3,trl_s_x_xx_2_8_1,trl_s_x_xx_4_2_2,trl_s_x_xx_8_10_0,trl_s_x_xx_10_4_3,trl_w_x_xx_2_8_1,trl_w_x_xx_4_2_2,trl_w_x_xx_8_10_0,trl_w_x_xx_10_4_3
iti_e_x_ne_8_10_1,iti_e_x_se_2_8_2,trl_e_x_xx_4_2_3,trl_e_x_xx_8_10_1,trl_n_x_xx_2_8_2,trl_n_x_xx_10_4_0,trl_s_x_xx_2_8_2,trl_s_x_xx_10_4_0,trl_w_x_xx_4_2_3,trl_w_x_xx_8_10_1
iti_e_x_ne_8_10_2,iti_e_x_se_2_8_3,iti_e_x_xx_4_2_0,iti_e_x_xx_10_4_1,iti_n_x_ne_8_10_2,iti_n_x_nw_10_4_1,iti_n_x_xx_2_8_3,iti_n_x_xx_4_2_0,iti_s_x_se_2_8_3,iti_s_x_sw_4_2_0,iti_s_x_xx_8_10_2,iti_s_x_xx_10_4_1,iti_w_x_nw_10_4_1,iti_w_x_sw_4_2_0,iti_w_x_xx_2_8_3,iti_w_x_xx_8_10_2,trl_e_x_xx_2_8_3,trl_e_x_xx_4_2_0,trl_e_x_xx_8_10_2,trl_e_x_xx_10_4_1,trl_n_x_xx_2_8_3,trl_n_x_xx_4_2_0,trl_n_x_xx_8_10_2,trl_n_x_xx_10_4_1,trl_s_x_xx_2_8_3,trl_s_x_xx_4_2_0,trl_s_x_xx_8_10_2,trl_s_x_xx_10_4_1,trl_w_x_xx_2_8_3,trl_w_x_xx_4_2_0,trl_w_x_xx_8_10_2,trl_w_x_xx_10_4_1
iti_e_x_ne_8_10_3,iti_e_x_se_2_8_0,iti_e_x_xx_4_2_1,iti_e_x_xx_10_4_2,iti_n_x_ne_8_10_3,iti_n_x_nw_10_4_2,iti_n_x_xx_2_8_0,iti_n_x_xx_4_2_1,iti_s_x_se_2_8_0,iti_s_x_sw_4_2_1,iti_s_x_xx_8_10_3,iti_s_x_xx_10_4_2,iti_w_x_nw_10_4_2,iti_w_x_sw_4_2_1,iti_w_x_xx_2_8_0,iti_w_x_xx_8_10_3,trl_e_x_xx_2_8_0,trl_e_x_xx_4_2_1,trl_e_x_xx_8_10_3,trl_e_x_xx_10_4_2,trl_n_x_xx_2_8_0,trl_n_x_xx_4_2_1,trl_n_x_xx_8_10_3,trl_n_x_xx_10_4_2,trl_s_x_xx_2_8_0,trl_s_x_xx_4_2_1,trl_s_x_xx_8_10_3,trl_s_x_xx_10_4_2,trl_w_x_xx_2_8_0,trl_w_x_xx_4_2_1,trl_w_x_xx_8_10_3,trl_w_x_xx_10_4_2
iti_e_x_ne_9_10_0,iti_e_x_se_2_9_1,iti_e_x_xx_3_2_2,iti_e_x_xx_10_3_3,iti_n_x_ne_9_10_0,iti_n_x_nw_10_3_3,iti_n_x_xx_2_9_1,iti_n_x_xx_3_2_2,iti_s_x_se_2_9_1,iti_s_x_xx_9_10_0,iti_s_x_xx_10_3_3,iti_w_x_nw_10_3_3,iti_w_x_sw_3_2_2,iti_w_x_xx_2_9_1,iti_w_x_xx_9_10_0,trl_e_x_xx_2_9_1,trl_e_x_xx_3_2_2,trl_e_x_xx_9_10_0,trl_e_x_xx_10_3_3,trl_n_x_xx_2_9_1,trl_n_x_xx_3_2_2,trl_n_x_xx_9_10_0,trl_n_x_xx_10_3_3,trl_s_x_xx_2_9_1,trl_s_x_xx_3_2_2,trl_s_x_xx_9_10_0,trl_s_x_xx_10_3_3,trl_w_x_xx_2_9_1,trl_w_x_xx_3_2_2,trl_w_x_xx_9_10_0,trl_w_x_xx_10_3_3
iti_e_x_ne_9_10_1,iti_e_x_se_2_9_2,iti_e_x_xx_3_2_3,iti_e_x_xx_10_3_0,iti_n_x_ne_9_10_1,iti_n_x_nw_10_3_0,iti_n_x_xx_2_9_2,iti_n_x_xx_3_2_3,iti_s_x_se_2_9_2,iti_s_x_xx_9_10_1,iti_s_x_xx_10_3_0,iti_w_x_nw_10_3_0,iti_w_x_sw_3_2_3,iti_w_x_xx_2_9_2,iti_w_x_xx_9_10_1,trl_e_x_xx_2_9_2,trl_e_x_xx_3_2_3,trl_e_x_xx_9_10_1,trl_e_x_xx_10_3_0,trl_n_x_xx_2_9_2,trl_n_x_xx_3_2_3,trl_n_x_xx_9_10_1,trl_n_x_xx_10_3_0,trl_s_x_xx_2_9_2,trl_s_x_xx_3_2_3,trl_s_x_xx_9_10_1,trl_s_x_xx_10_3_0,trl_w_x_xx_2_9_2,trl_w_x_xx_3_2_3,trl_w_x_xx_9_10_1,trl_w_x_xx_10_3_0
iti_e_x_ne_9_10_2,iti_e_x_se_2_9_3,iti_e_x_xx_3_2_0,iti_e_x_xx_10_3_1,iti_n_x_ne_9_10_2,iti_n_x_nw_10_3_1,iti_n_x_xx_2_9_3,iti_n_x_xx_3_2_0,iti_s_x_se_2_9_3,iti_s_x_xx_9_10_2,iti_s_x_xx_10_3_1,iti_w_x_nw_10_3_1,iti_w_x_sw_3_2_0,iti_w_x_xx_2_9_3,iti_w_x_xx_9_10_2,trl_e_x_xx_2_9_3,trl_e_x_xx_3_2_0,trl_e_x_xx_9_10_2,trl_e_x_xx_10_3_1,trl_n_x_xx_2_9_3,trl_n_x_xx_3_2_0,trl_n_x_xx_9_10_2,trl_n_x_xx_10_3_1,trl_s_x_xx_2_9_3,trl_s_x_xx_3_2_0,trl_s_x_xx_9_10_2,trl_s_x_xx_10_3_1,trl_w_x_xx_2_9_3,trl_w_x_xx_3_2_0,trl_w_x_xx_9_10_2,trl_w_x_xx_10_3_1
iti_e_x_ne_9_10_3,iti_e_x_xx_10_3_2,iti_n_x_ne_9_10_3,iti_n_x_xx_2_9_0,iti_s_x_xx_9_10_3,iti_s_x_xx_10_3_2,iti_w_x_nw_10_3_2,iti_w_x_xx_9_10_3,trl_e_x_xx_2_9_0,trl_e_x_xx_9_10_3,trl_n_x_xx_9_10_3,trl_n_x_xx_10_3_2,trl_s_x_xx_2_9_0,trl_s_x_xx_3_2_1,trl_w_x_xx_3_2_1,trl_w_x_xx_10_3_2
iti_e_x_ne_10_6_0,iti_e_x_se_6_10_1,iti_e_x_xx_2_6_2,iti_e_x_xx_6_2_3,iti_e_x_xx_10_6_0,iti_n_x_xx_2_6_2,iti_n_x_xx_6_2_3,iti_n_x_xx_6_10_1,iti_s_x_xx_6_2_3,iti_s_x_xx_6_10_1,iti_s_x_xx_10_6_0,iti_w_x_xx_2_6_2,iti_w_x_xx_6_10_1,iti_w_x_xx_10_6_0,trl_e_x_xx_2_6_2,trl_e_x_xx_10_6_0,trl_n_x_xx_6_2_3,trl_n_x_xx_6_10_1,trl_s_x_xx_6_2_3,trl_s_x_xx_6_10_1,trl_w_x_xx_2_6_2,trl_w_x_xx_10_6_0
iti_e_x_ne_10_6_2,iti_e_x_se_6_10_3,iti_e_x_xx_6_2_1,iti_e_x_xx_10_6_2,iti_n_x_xx_2_6_0,iti_n_x_xx_6_2_1,iti_n_x_xx_6_10_3,iti_s_x_xx_6_2_1,iti_s_x_xx_6_10_3,iti_s_x_xx_10_6_2,iti_w_x_xx_2_6_0,iti_w_x_xx_6_10_3,iti_w_x_xx_10_6_2
iti_e_x_ne_10_6_3,iti_e_x_se_6_10_0,iti_e_x_xx_6_2_2,iti_e_x_xx_10_6_3,iti_n_x_ne_6_10_0,iti_n_x_xx_2_6_1,iti_n_x_xx_6_2_2,iti_n_x_xx_6_10_0,iti_s_x_sw_6_2_2,iti_s_x_xx_6_2_2,iti_s_x_xx_6_10_0,iti_s_x_xx_10_6_3,iti_w_x_nw_10_6_3,iti_w_x_xx_2_6_1,iti_w_x_xx_6_10_0,iti_w_x_xx_10_6_3
iti_e_x_ne_10_7_0,iti_e_x_se_5_10_1,iti_e_x_xx_2_5_2,iti_e_x_xx_7_2_3,iti_e_x_xx_10_7_0,iti_n_x_ne_10_7_0,iti_n_x_nw_7_2_3,iti_n_x_xx_2_5_2,iti_n_x_xx_5_10_1,iti_n_x_xx_7_2_3,iti_s_x_se_5_10_1,iti_s_x_sw_2_5_2,iti_s_x_xx_5_10_1,iti_s_x_xx_7_2_3,iti_s_x_xx_10_7_0,iti_w_x_nw_7_2_3,iti_w_x_sw_2_5_2,iti_w_x_xx_2_5_2,iti_w_x_xx_5_10_1,iti_w_x_xx_10_7_0,trl_e_x_xx_2_5_2,trl_e_x_xx_10_7_0,trl_n_x_xx_5_10_1,trl_n_x_xx_7_2_3,trl_s_x_xx_5_10_1,trl_s_x_xx_7_2_3,trl_w_x_xx_2_5_2,trl_w_x_xx_10_7_0
iti_e_x_ne_10_7_1,iti_e_x_se_5_10_2,iti_e_x_xx_2_5_3,iti_e_x_xx_7_2_0,iti_e_x_xx_10_7_1,iti_n_x_ne_10_7_1,iti_n_x_nw_7_2_0,iti_n_x_xx_2_5_3,iti_n_x_xx_5_10_2,iti_n_x_xx_7_2_0,iti_s_x_se_5_10_2,iti_s_x_sw_2_5_3,iti_s_x_xx_5_10_2,iti_s_x_xx_7_2_0,iti_s_x_xx_10_7_1,iti_w_x_nw_7_2_0,iti_w_x_sw_2_5_3,iti_w_x_xx_2_5_3,iti_w_x_xx_5_10_2,iti_w_x_xx_10_7_1,trl_e_x_xx_2_5_3,trl_e_x_xx_10_7_1,trl_n_x_xx_5_10_2,trl_n_x_xx_7_2_0,trl_s_x_xx_5_10_2,trl_s_x_xx_7_2_0,trl_w_x_xx_2_5_3,trl_w_x_xx_10_7_1
iti_e_x_ne_10_7_2,iti_e_x_se_5_10_3,iti_e_x_xx_7_2_1,iti_e_x_xx_10_7_2,iti_n_x_nw_7_2_1,iti_n_x_xx_2_5_0,iti_n_x_xx_5_10_3,iti_n_x_xx_7_2_1,iti_s_x_se_5_10_3,iti_s_x_xx_5_10_3,iti_s_x_xx_7_2_1,iti_s_x_xx_10_7_2,iti_w_x_sw_2_5_0,iti_w_x_xx_2_5_0,iti_w_x_xx_5_10_3,iti_w_x_xx_10_7_2
iti_e_x_ne_10_7_3,iti_e_x_se_5_10_0,iti_e_x_xx_7_2_2,iti_e_x_xx_10_7_3,iti_n_x_nw_7_2_2,iti_n_x_xx_2_5_1,iti_n_x_xx_5_10_0,iti_n_x_xx_7_2_2,iti_s_x_se_5_10_0,iti_s_x_xx_5_10_0,iti_s_x_xx_7_2_2,iti_s_x_xx_10_7_3,iti_w_x_sw_2_5_1,iti_w_x_xx_2_5_1,iti_w_x_xx_5_10_0,iti_w_x_xx_10_7_3
iti_e_x_ne_10_8_0,iti_e_x_se_4_10_1,iti_e_x_xx_2_4_2,iti_e_x_xx_8_2_3,iti_n_x_ne_10_8_0,iti_n_x_nw_8_2_3,iti_n_x_xx_2_4_2,iti_n_x_xx_4_10_1,iti_s_x_se_4_10_1,iti_s_x_sw_2_4_2,iti_s_x_xx_8_2_3,iti_s_x_xx_10_8_0,iti_w_x_nw_8_2_3,iti_w_x_sw_2_4_2,iti_w_x_xx_4_10_1,iti_w_x_xx_10_8_0,trl_e_x_xx_2_4_2,trl_e_x_xx_10_8_0,trl_n_x_xx_4_10_1,trl_n_x_xx_8_2_3,trl_s_x_xx_4_10_1,trl_s_x_xx_8_2_3,trl_w_x_xx_2_4_2,trl_w_x_xx_10_8_0
iti_e_x_ne_10_8_1,iti_e_x_se_4_10_2,iti_e_x_xx_2_4_3,iti_e_x_xx_8_2_0,iti_n_x_ne_10_8_1,iti_n_x_nw_8_2_0,iti_n_x_xx_2_4_3,iti_n_x_xx_4_10_2,iti_s_x_se_4_10_2,iti_s_x_sw_2_4_3,iti_s_x_xx_8_2_0,iti_s_x_xx_10_8_1,iti_w_x_nw_8_2_0,iti_w_x_sw_2_4_3,iti_w_x_xx_4_10_2,iti_w_x_xx_10_8_1,trl_e_x_xx_2_4_3,trl_e_x_xx_4_10_2,trl_e_x_xx_8_2_0,trl_e_x_xx_10_8_1,trl_n_x_xx_2_4_3,trl_n_x_xx_4_10_2,trl_n_x_xx_8_2_0,trl_n_x_xx_10_8_1,trl_s_x_xx_2_4_3,trl_s_x_xx_4_10_2,trl_s_x_xx_8_2_0,trl_s_x_xx_10_8_1,trl_w_x_xx_2_4_3,trl_w_x_xx_4_10_2,trl_w_x_xx_8_2_0,trl_w_x_xx_10_8_1
iti_e_x_ne_10_8_2,iti_e_x_se_4_10_3,iti_e_x_xx_2_4_0,iti_e_x_xx_8_2_1,iti_n_x_ne_10_8_2,iti_n_x_nw_8_2_1,iti_n_x_xx_2_4_0,iti_n_x_xx_4_10_3,iti_s_x_se_4_10_3,iti_s_x_sw_2_4_0,iti_s_x_xx_8_2_1,iti_s_x_xx_10_8_2,iti_w_x_nw_8_2_1,iti_w_x_sw_2_4_0,iti_w_x_xx_4_10_3,iti_w_x_xx_10_8_2,trl_e_x_xx_2_4_0,trl_e_x_xx_4_10_3,trl_e_x_xx_8_2_1,trl_e_x_xx_10_8_2,trl_n_x_xx_2_4_0,trl_n_x_xx_4_10_3,trl_n_x_xx_8_2_1,trl_n_x_xx_10_8_2,trl_s_x_xx_2_4_0,trl_s_x_xx_4_10_3,trl_s_x_xx_8_2_1,trl_s_x_xx_10_8_2,trl_w_x_xx_2_4_0,trl_w_x_xx_4_10_3,trl_w_x_xx_8_2_1,trl_w_x_xx_10_8_2
iti_e_x_ne_10_8_3,iti_e_x_se_4_10_0,iti_e_x_xx_2_4_1,iti_e_x_xx_8_2_2,iti_n_x_ne_10_8_3,iti_n_x_nw_8_2_2,iti_n_x_xx_2_4_1,iti_n_x_xx_4_10_0,iti_s_x_se_4_10_0,iti_s_x_sw_2_4_1,iti_s_x_xx_8_2_2,iti_s_x_xx_10_8_3,iti_w_x_nw_8_2_2,iti_w_x_sw_2_4_1,iti_w_x_xx_4_10_0,iti_w_x_xx_10_8_3,trl_e_x_xx_2_4_1,trl_e_x_xx_4_10_0,trl_e_x_xx_8_2_2,trl_e_x_xx_10_8_3,trl_n_x_xx_2_4_1,trl_n_x_xx_4_10_0,trl_n_x_xx_8_2_2,trl_n_x_xx_10_8_3,trl_s_x_xx_2_4_1,trl_s_x_xx_4_10_0,trl_s_x_xx_8_2_2,trl_s_x_xx_10_8_3,trl_w_x_xx_2_4_1,trl_w_x_xx_4_10_0,trl_w_x_xx_8_2_2,trl_w_x_xx_10_8_3
iti_e_x_ne_10_9_0,iti_e_x_se_3_10_1,iti_e_x_xx_2_3_2,iti_e_x_xx_9_2_3,iti_n_x_ne_10_9_0,iti_n_x_nw_9_2_3,iti_n_x_xx_2_3_2,iti_n_x_xx_3_10_1,iti_s_x_se_3_10_1,iti_s_x_sw_2_3_2,iti_s_x_xx_9_2_3,iti_s_x_xx_10_9_0,iti_w_x_nw_9_2_3,iti_w_x_sw_2_3_2,iti_w_x_xx_3_10_1,iti_w_x_xx_10_9_0,trl_e_x_xx_2_3_2,trl_e_x_xx_3_10_1,trl_e_x_xx_9_2_3,trl_e_x_xx_10_9_0,trl_n_x_xx_2_3_2,trl_n_x_xx_3_10_1,trl_n_x_xx_9_2_3,trl_n_x_xx_10_9_0,trl_s_x_xx_2_3_2,trl_s_x_xx_3_10_1,trl_s_x_xx_9_2_3,trl_s_x_xx_10_9_0,trl_w_x_xx_2_3_2,trl_w_x_xx_3_10_1,trl_w_x_xx_9_2_3,trl_w_x_xx_10_9_0
iti_e_x_ne_10_9_1,iti_e_x_se_3_10_2,iti_e_x_xx_2_3_3,iti_e_x_xx_9_2_0,iti_n_x_ne_10_9_1,iti_n_x_nw_9_2_0,iti_n_x_xx_2_3_3,iti_n_x_xx_3_10_2,iti_s_x_se_3_10_2,iti_s_x_sw_2_3_3,iti_s_x_xx_9_2_0,iti_s_x_xx_10_9_1,iti_w_x_nw_9_2_0,iti_w_x_sw_2_3_3,iti_w_x_xx_3_10_2,iti_w_x_xx_10_9_1,trl_e_x_xx_2_3_3,trl_e_x_xx_3_10_2,trl_e_x_xx_9_2_0,trl_e_x_xx_10_9_1,trl_n_x_xx_2_3_3,trl_n_x_xx_3_10_2,trl_n_x_xx_9_2_0,trl_n_x_xx_10_9_1,trl_s_x_xx_2_3_3,trl_s_x_xx_3_10_2,trl_s_x_xx_9_2_0,trl_s_x_xx_10_9_1,trl_w_x_xx_2_3_3,trl_w_x_xx_3_10_2,trl_w_x_xx_9_2_0,trl_w_x_xx_10_9_1
iti_e_x_ne_10_9_2,iti_e_x_se_3_10_3,iti_e_x_xx_2_3_0,iti_e_x_xx_9_2_1,iti_n_x_ne_10_9_2,iti_n_x_nw_9_2_1,iti_n_x_xx_2_3_0,iti_n_x_xx_3_10_3,iti_s_x_se_3_10_3,iti_s_x_sw_2_3_0,iti_s_x_xx_9_2_1,iti_s_x_xx_10_9_2,iti_w_x_nw_9_2_1,iti_w_x_sw_2_3_0,iti_w_x_xx_3_10_3,iti_w_x_xx_10_9_2,trl_e_x_xx_2_3_0,trl_e_x_xx_3_10_3,trl_e_x_xx_9_2_1,trl_e_x_xx_10_9_2,trl_n_x_xx_2_3_0,trl_n_x_xx_3_10_3,trl_n_x_xx_9_2_1,trl_n_x_xx_10_9_2,trl_s_x_xx_2_3_0,trl_s_x_xx_3_10_3,trl_s_x_xx_9_2_1,trl_s_x_xx_10_9_2,trl_w_x_xx_2_3_0,trl_w_x_xx_3_10_3,trl_w_x_xx_9_2_1,trl_w_x_xx_10_9_2
iti_e_x_ne_10_9_3,iti_e_x_se_3_10_0,iti_e_x_xx_2_3_1,iti_e_x_xx_9_2_2,iti_n_x_ne_10_9_3,iti_n_x_nw_9_2_2,iti_n_x_xx_2_3_1,iti_n_x_xx_3_10_0,iti_s_x_se_3_10_0,iti_s_x_sw_2_3_1,iti_s_x_xx_9_2_2,iti_s_x_xx_10_9_3,iti_w_x_nw_9_2_2,iti_w_x_sw_2_3_1,iti_w_x_xx_3_10_0,iti_w_x_xx_10_9_3,trl_e_x_xx_2_3_1,trl_e_x_xx_3_10_0,trl_e_x_xx_9_2_2,trl_e_x_xx_10_9_3,trl_n_x_xx_2_3_1,trl_n_x_xx_3_10_0,trl_n_x_xx_9_2_2,trl_n_x_xx_10_9_3,trl_s_x_xx_2_3_1,trl_s_x_xx_3_10_0,trl_s_x_xx_9_2_2,trl_s_x_xx_10_9_3,trl_w_x_xx_2_3_1,trl_w_x_xx_3_10_0,trl_w_x_xx_9_2_2,trl_w_x_xx_10_9_3
iti_e_x_ne_10_10_0,iti_e_x_se_2_10_1,iti_e_x_xx_2_2_2,iti_e_x_xx_10_2_3,iti_n_x_ne_10_10_0,iti_n_x_nw_10_2_3,iti_n_x_xx_2_2_2,iti_n_x_xx_2_10_1,iti_s_x_se_2_10_1,iti_s_x_sw_2_2_2,iti_s_x_xx_10_2_3,iti_s_x_xx_10_10_0,iti_w_x_nw_10_2_3,iti_w_x_sw_2_2_2,iti_w_x_xx_2_10_1,iti_w_x_xx_10_10_0,trl_e_x_xx_2_2_2,trl_e_x_xx_2_10_1,trl_e_x_xx_10_2_3,trl_e_x_xx_10_10_0,trl_n_x_xx_2_2_2,trl_n_x_xx_2_10_1,trl_n_x_xx_10_2_3,trl_n_x_xx_10_10_0,trl_s_x_xx_2_2_2,trl_s_x_xx_2_10_1,trl_s_x_xx_10_2_3,trl_s_x_xx_10_10_0,trl_w_x_xx_2_2_2,trl_w_x_xx_2_10_1,trl_w_x_xx_10_2_3,trl_w_x_xx_10_10_0
iti_e_x_ne_10_10_1,iti_e_x_se_2_10_2,iti_e_x_xx_2_2_3,iti_e_x_xx_10_2_0,iti_n_x_ne_10_10_1,iti_n_x_nw_10_2_0,iti_n_x_xx_2_2_3,iti_n_x_xx_2_10_2,iti_s_x_se_2_10_2,iti_s_x_sw_2_2_3,iti_s_x_xx_10_2_0,iti_s_x_xx_10_10_1,iti_w_x_nw_10_2_0,iti_w_x_sw_2_2_3,iti_w_x_xx_2_10_2,iti_w_x_xx_10_10_1,trl_e_x_xx_2_2_3,trl_e_x_xx_2_10_2,trl_e_x_xx_10_2_0,trl_e_x_xx_10_10_1,trl_n_x_xx_2_2_3,trl_n_x_xx_2_10_2,trl_n_x_xx_10_2_0,trl_n_x_xx_10_10_1,trl_s_x_xx_2_2_3,trl_s_x_xx_2_10_2,trl_s_x_xx_10_2_0,trl_s_x_xx_10_10_1,trl_w_x_xx_2_2_3,trl_w_x_xx_2_10_2,trl_w_x_xx_10_2_0,trl_w_x_xx_10_10_1
iti_e_x_ne_10_10_2,iti_e_x_se_2_10_3,iti_e_x_xx_2_2_0,iti_e_x_xx_10_2_1,iti_n_x_ne_10_10_2,iti_n_x_nw_10_2_1,iti_n_x_xx_2_2_0,iti_n_x_xx_2_10_3,iti_s_x_se_2_10_3,iti_s_x_sw_2_2_0,iti_s_x_xx_10_2_1,iti_s_x_xx_10_10_2,iti_w_x_nw_10_2_1,iti_w_x_sw_2_2_0,iti_w_x_xx_2_10_3,iti_w_x_xx_10_10_2,trl_e_x_xx_2_2_0,trl_e_x_xx_2_10_3,trl_e_x_xx_10_2_1,trl_e_x_xx_10_10_2,trl_n_x_xx_2_2_0,trl_n_x_xx_2_10_3,trl_n_x_xx_10_2_1,trl_n_x_xx_10_10_2,trl_s_x_xx_2_2_0,trl_s_x_xx_2_10_3,trl_s_x_xx_10_2_1,trl_s_x_xx_10_10_2,trl_w_x_xx_2_2_0,trl_w_x_xx_2_10_3,trl_w_x_xx_10_2_1,trl_w_x_xx_10_10_2
iti_e_x_ne_10_10_3,iti_e_x_se_2_10_0,iti_e_x_xx_2_2_1,iti_e_x_xx_10_2_2,iti_n_x_ne_10_10_3,iti_n_x_nw_10_2_2,iti_n_x_xx_2_2_1,iti_n_x_xx_2_10_0,iti_s_x_se_2_10_0,iti_s_x_sw_2_2_1,iti_s_x_xx_10_2_2,iti_s_x_xx_10_10_3,iti_w_x_nw_10_2_2,iti_w_x_sw_2_2_1,iti_w_x_xx_2_10_0,iti_w_x_xx_10_10_3,trl_e_x_xx_2_2_1,trl_e_x_xx_2_10_0,trl_e_x_xx_10_2_2,trl_e_x_xx_10_10_3,trl_n_x_xx_2_2_1,trl_n_x_xx_2_10_0,trl_n_x_xx_10_2_2,trl_n_x_xx_10_10_3,trl_s_x_xx_2_2_1,trl_s_x_xx_2_10_0,trl_s_x_xx_10_2_2,trl_s_x_xx_10_10_3,trl_w_x_xx_2_2_1,trl_w_x_xx_2_10_0,trl_w_x_xx_10_2_2,trl_w_x_xx_10_10_3
iti_e_x_ne_11_11_0,iti_e_x_se_1_11_1,iti_e_x_xx_1_1_2,iti_e_x_xx_11_1_3,iti_n_x_ne_11_11_0,iti_n_x_nw_11_1_3,iti_n_x_xx_1_1_2,iti_n_x_xx_1_11_1,iti_s_x_sw_1_1_2,iti_s_x_xx_11_1_3,iti_s_x_xx_11_11_0,iti_w_x_nw_11_1_3,iti_w_x_sw_1_1_2,iti_w_x_xx_1_11_1,iti_w_x_xx_11_11_0,trl_e_x_xx_1_1_2,trl_e_x_xx_1_11_1,trl_e_x_xx_11_1_3,trl_e_x_xx_11_11_0,trl_n_x_xx_1_1_2,trl_n_x_xx_1_11_1,trl_n_x_xx_11_1_3,trl_n_x_xx_11_11_0,trl_s_x_xx_1_1_2,trl_s_x_xx_1_11_1,trl_s_x_xx_11_1_3,trl_s_x_xx_11_11_0,trl_w_x_xx_1_1_2,trl_w_x_xx_1_11_1,trl_w_x_xx_11_1_3,trl_w_x_xx_11_11_0
iti_e_x_ne_11_11_1,iti_e_x_se_1_11_2,iti_e_x_xx_1_1_3,iti_e_x_xx_11_1_0,iti_n_x_ne_11_11_1,iti_n_x_nw_11_1_0,iti_n_x_xx_1_1_3,iti_n_x_xx_1_11_2,iti_s_x_sw_1_1_3,iti_s_x_xx_11_1_0,iti_s_x_xx_11_11_1,iti_w_x_nw_11_1_0,iti_w_x_sw_1_1_3,iti_w_x_xx_1_11_2,iti_w_x_xx_11_11_1,trl_e_x_xx_1_1_3,trl_e_x_xx_1_11_2,trl_e_x_xx_11_1_0,trl_e_x_xx_11_11_1,trl_n_x_xx_1_1_3,trl_n_x_xx_1_11_2,trl_n_x_xx_11_1_0,trl_n_x_xx_11_11_1,trl_s_x_xx_1_1_3,trl_s_x_xx_1_11_2,trl_s_x_xx_11_1_0,trl_s_x_xx_11_11_1,trl_w_x_xx_1_1_3,trl_w_x_xx_1_11_2,trl_w_x_xx_11_1_0,trl_w_x_xx_11_11_1
iti_e_x_ne_11_11_2,iti_e_x_se_1_11_3,iti_e_x_xx_1_1_0,iti_e_x_xx_11_1_1,iti_n_x_ne_11_11_2,iti_n_x_nw_11_1_1,iti_n_x_xx_1_1_0,iti_n_x_xx_1_11_3,iti_s_x_sw_1_1_0,iti_s_x_xx_11_1_1,iti_s_x_xx_11_11_2,iti_w_x_nw_11_1_1,iti_w_x_sw_1_1_0,iti_w_x_xx_1_11_3,iti_w_x_xx_11_11_2,trl_e_x_xx_1_1_0,trl_e_x_xx_1_11_3,trl_e_x_xx_11_1_1,trl_e_x_xx_11_11_2,trl_n_x_xx_1_1_0,trl_n_x_xx_1_11_3,trl_n_x_xx_11_1_1,trl_n_x_xx_11_11_2,trl_s_x_xx_1_1_0,trl_s_x_xx_1_11_3,trl_s_x_xx_11_1_1,trl_s_x_xx_11_11_2,trl_w_x_xx_1_1_0,trl_w_x_xx_1_11_3,trl_w_x_xx_11_1_1,trl_w_x_xx_11_11_2
iti_e_x_ne_11_11_3,iti_e_x_se_1_11_0,iti_e_x_xx_1_1_1,iti_e_x_xx_11_1_2,iti_n_x_ne_11_11_3,iti_n_x_nw_11_1_2,iti_n_x_xx_1_1_1,iti_n_x_xx_1_11_0,iti_s_x_sw_1_1_1,iti_s_x_xx_11_1_2,iti_s_x_xx_11_11_3,iti_w_x_nw_11_1_2,iti_w_x_sw_1_1_1,iti_w_x_xx_1_11_0,iti_w_x_xx_11_11_3,trl_e_x_xx_1_1_1,trl_e_x_xx_1_11_0,trl_e_x_xx_11_1_2,trl_e_x_xx_11_11_3,trl_n_x_xx_1_1_1,trl_n_x_xx_1_11_0,trl_n_x_xx_11_1_2,trl_n_x_xx_11_11_3,trl_s_x_xx_1_1_1,trl_s_x_xx_1_11_0,trl_s_x_xx_11_1_2,trl_s_x_xx_11_11_3,trl_w_x_xx_1_1_1,trl_w_x_xx_1_11_0,trl_w_x_xx_11_1_2,trl_w_x_xx_11_11_3
iti_e_x_se_2_6_0,iti_n_x_ne_10_6_2,iti_s_x_sw_2_6_0,iti_w_x_nw_6_2_1
iti_e_x_se_2_6_1,iti_n_x_ne_10_6_3,iti_s_x_sw_2_6_1,iti_w_x_nw_6_2_2
iti_e_x_se_2_6_3,iti_e_x_xx_2_6_3,iti_n_x_ne_10_6_1,iti_n_x_nw_10_6_1,iti_s_x_se_2_6_3,iti_s_x_sw_2_6_3,iti_w_x_nw_6_2_0,iti_w_x_sw_6_2_0,trl_e_x_xx_2_6_3,trl_e_x_xx_10_6_1,trl_n_x_xx_6_2_0,trl_n_x_xx_6_10_2,trl_s_x_xx_6_2_0,trl_s_x_xx_6_10_2,trl_w_x_xx_2_6_3,trl_w_x_xx_10_6_1
iti_e_x_se_2_9_0,iti_e_x_xx_3_2_1,iti_n_x_nw_10_3_2,iti_n_x_xx_3_2_1,iti_s_x_se_2_9_0,iti_w_x_sw_3_2_1,iti_w_x_xx_2_9_0,trl_e_x_xx_3_2_1,trl_e_x_xx_10_3_2,trl_n_x_xx_2_9_0,trl_n_x_xx_3_2_1,trl_s_x_xx_9_10_3,trl_s_x_xx_10_3_2,trl_w_x_xx_2_9_0,trl_w_x_xx_9_10_3
iti_e_x_xx_2_5_0,iti_n_x_ne_10_7_2,iti_s_x_sw_2_5_0,iti_w_x_nw_7_2_1,trl_e_x_xx_2_5_0,trl_e_x_xx_10_7_2,trl_n_x_xx_5_10_3,trl_n_x_xx_7_2_1,trl_s_x_xx_5_10_3,trl_s_x_xx_7_2_1,trl_w_x_xx_2_5_0,trl_w_x_xx_10_7_2
iti_e_x_xx_2_5_1,iti_n_x_ne_10_7_3,iti_s_x_sw_2_5_1,iti_w_x_nw_7_2_2,trl_e_x_xx_2_5_1,trl_e_x_xx_10_7_3,trl_n_x_xx_5_10_0,trl_n_x_xx_7_2_2,trl_s_x_xx_5_10_0,trl_s_x_xx_7_2_2,trl_w_x_xx_2_5_1,trl_w_x_xx_10_7_3
iti_e_x_xx_2_6_0,trl_e_x_xx_2_6_0,trl_e_x_xx_10_6_2,trl_n_x_xx_6_2_1,trl_n_x_xx_6_10_3,trl_s_x_xx_6_2_1,trl_s_x_xx_6_10_3,trl_w_x_xx_2_6_0,trl_w_x_xx_10_6_2
iti_e_x_xx_2_6_1,iti_n_x_nw_10_6_3,iti_s_x_se_2_6_1,iti_w_x_sw_6_2_2,trl_e_x_xx_2_6_1,trl_e_x_xx_10_6_3,trl_n_x_xx_6_2_2,trl_n_x_xx_6_10_0,trl_s_x_xx_6_2_2,trl_s_x_xx_6_10_0,trl_w_x_xx_2_6_1,trl_w_x_xx_10_6_3
iti_e_x_xx_2_7_0,iti_n_x_nw_10_5_2,iti_s_x_se_2_7_0,iti_w_x_sw_5_2_1,trl_e_x_xx_2_7_0,trl_e_x_xx_10_5_2,trl_n_x_xx_5_2_1,trl_n_x_xx_7_10_3,trl_s_x_xx_5_2_1,trl_s_x_xx_7_10_3,trl_w_x_xx_2_7_0,trl_w_x_xx_10_5_2
iti_e_x_xx_2_7_2,iti_e_x_xx_5_2_3,iti_e_x_xx_10_5_0,iti_n_x_ne_7_10_1,iti_n_x_nw_10_5_0,iti_n_x_xx_2_7_2,iti_n_x_xx_5_2_3,iti_n_x_xx_7_10_1,iti_s_x_se_2_7_2,iti_s_x_sw_5_2_3,iti_s_x_xx_5_2_3,iti_s_x_xx_7_10_1,iti_s_x_xx_10_5_0,iti_w_x_nw_10_5_0,iti_w_x_sw_5_2_3,iti_w_x_xx_2_7_2,iti_w_x_xx_7_10_1,iti_w_x_xx_10_5_0,trl_e_x_xx_2_7_2,trl_e_x_xx_10_5_0,trl_n_x_xx_5_2_3,trl_n_x_xx_7_10_1,trl_s_x_xx_5_2_3,trl_s_x_xx_7_10_1,trl_w_x_xx_2_7_2,trl_w_x_xx_10_5_0
iti_e_x_xx_2_7_3,iti_n_x_nw_10_5_1,iti_s_x_se_2_7_3,iti_w_x_sw_5_2_0,trl_e_x_xx_2_7_3,trl_e_x_xx_10_5_1,trl_n_x_xx_5_2_0,trl_n_x_xx_7_10_2,trl_s_x_xx_5_2_0,trl_s_x_xx_7_10_2,trl_w_x_xx_2_7_3,trl_w_x_xx_10_5_1
iti_e_x_xx_4_2_3,iti_e_x_xx_10_4_0,iti_n_x_ne_8_10_1,iti_n_x_nw_10_4_0,iti_n_x_xx_2_8_2,iti_n_x_xx_4_2_3,iti_s_x_se_2_8_2,iti_s_x_sw_4_2_3,iti_s_x_xx_8_10_1,iti_s_x_xx_10_4_0,iti_w_x_nw_10_4_0,iti_w_x_sw_4_2_3,iti_w_x_xx_2_8_2,iti_w_x_xx_8_10_1,trl_e_x_xx_2_8_2,trl_e_x_xx_10_4_0,trl_n_x_xx_4_2_3,trl_n_x_xx_8_10_1,trl_s_x_xx_4_2_3,trl_s_x_xx_8_10_1,trl_w_x_xx_2_8_2,trl_w_x_xx_10_4_0
iti_e_x_xx_5_2_0,iti_e_x_xx_10_5_1,iti_n_x_ne_7_10_2,iti_n_x_xx_2_7_3,iti_n_x_xx_5_2_0,iti_n_x_xx_7_10_2,iti_s_x_sw_5_2_0,iti_s_x_xx_5_2_0,iti_s_x_xx_7_10_2,iti_s_x_xx_10_5_1,iti_w_x_nw_10_5_1,iti_w_x_xx_2_7_3,iti_w_x_xx_7_10_2,iti_w_x_xx_10_5_1
iti_e_x_xx_5_2_1,iti_e_x_xx_10_5_2,iti_n_x_ne_7_10_3,iti_n_x_xx_2_7_0,iti_n_x_xx_5_2_1,iti_n_x_xx_7_10_3,iti_s_x_sw_5_2_1,iti_s_x_xx_5_2_1,iti_s_x_xx_7_10_3,iti_s_x_xx_10_5_2,iti_w_x_nw_10_5_2,iti_w_x_xx_2_7_0,iti_w_x_xx_7_10_3,iti_w_x_xx_10_5_2
iti_n_x_ne_6_10_1,iti_n_x_nw_10_6_0,iti_s_x_se_2_6_2,iti_s_x_sw_6_2_3,iti_w_x_nw_10_6_0,iti_w_x_sw_6_2_3
iti_n_x_ne_6_10_3,iti_s_x_sw_6_2_1,iti_w_x_nw_10_6_2
iti_n_x_ne_8_6_1,iti_n_x_nw_8_6_1,iti_s_x_se_4_6_3,iti_s_x_sw_4_6_3,iti_w_x_nw_6_4_0,iti_w_x_sw_6_4_0
iti_n_x_ne_8_6_2,iti_n_x_nw_8_6_2,iti_s_x_se_4_6_0,iti_s_x_sw_4_6_0,iti_w_x_nw_6_4_1,iti_w_x_sw_6_4_1
iti_n_x_ne_8_6_3,iti_n_x_nw_8_6_3,iti_s_x_se_4_6_1,iti_s_x_sw_4_6_1,iti_w_x_nw_6_4_2,iti_w_x_sw_6_4_2
iti_n_x_ne_9_6_0,iti_n_x_nw_9_6_0,iti_s_x_se_3_6_2,iti_s_x_sw_3_6_2,iti_w_x_nw_6_3_3,iti_w_x_sw_6_3_3,trl_e_x_xx_3_6_2,trl_e_x_xx_9_6_0,trl_n_x_xx_6_3_3,trl_n_x_xx_6_9_1,trl_s_x_xx_6_3_3,trl_s_x_xx_6_9_1,trl_w_x_xx_3_6_2,trl_w_x_xx_9_6_0
iti_n_x_ne_9_6_1,iti_n_x_nw_9_6_1,iti_s_x_se_3_6_3,iti_s_x_sw_3_6_3,iti_w_x_nw_6_3_0,iti_w_x_sw_6_3_0,trl_e_x_xx_3_6_3,trl_e_x_xx_9_6_1,trl_n_x_xx_6_3_0,trl_n_x_xx_6_9_2,trl_s_x_xx_6_3_0,trl_s_x_xx_6_9_2,trl_w_x_xx_3_6_3,trl_w_x_xx_9_6_1
iti_n_x_ne_9_6_2,iti_n_x_nw_9_6_2,iti_s_x_se_3_6_0,iti_s_x_sw_3_6_0,iti_w_x_nw_6_3_1,iti_w_x_sw_6_3_1,trl_e_x_xx_3_6_0,trl_e_x_xx_9_6_2,trl_n_x_xx_6_3_1,trl_n_x_xx_6_9_3,trl_s_x_xx_6_3_1,trl_s_x_xx_6_9_3,trl_w_x_xx_3_6_0,trl_w_x_xx_9_6_2
iti_n_x_ne_9_6_3,iti_n_x_nw_9_6_3,iti_s_x_se_3_6_1,iti_s_x_sw_3_6_1,iti_w_x_nw_6_3_2,iti_w_x_sw_6_3_2,trl_e_x_xx_3_6_1,trl_e_x_xx_9_6_3,trl_n_x_xx_6_3_2,trl_n_x_xx_6_9_0,trl_s_x_xx_6_3_2,trl_s_x_xx_6_9_0,trl_w_x_xx_3_6_1,trl_w_x_xx_9_6_3
iti_n_x_nw_10_6_2,iti_s_x_se_2_6_0,iti_w_x_sw_6_2_1
trl_e_e_xx_1_1_0,trl_n_n_xx_1_11_3,trl_s_s_xx_11_1_1,trl_w_w_xx_11_11_2
trl_e_e_xx_1_1_1,trl_n_n_xx_1_11_0,trl_s_s_xx_11_1_2,trl_w_w_xx_11_11_3
trl_e_e_xx_1_1_2,trl_n_n_xx_1_11_1,trl_s_s_xx_11_1_3,trl_w_w_xx_11_11_0
trl_e_e_xx_1_1_3,trl_e_e_xx_11_1_0,trl_e_n_xx_1_1_3,trl_e_n_xx_1_11_2,trl_e_s_xx_11_1_0,trl_e_s_xx_11_11_1,trl_e_w_xx_1_11_2,trl_e_w_xx_11_11_1,trl_n_e_xx_1_1_3,trl_n_e_xx_11_1_0,trl_n_n_xx_1_1_3,trl_n_n_xx_1_11_2,trl_n_s_xx_11_1_0,trl_n_s_xx_11_11_1,trl_n_w_xx_1_11_2,trl_n_w_xx_11_11_1,trl_s_e_xx_1_1_3,trl_s_e_xx_11_1_0,trl_s_n_xx_1_1_3,trl_s_n_xx_1_11_2,trl_s_s_xx_11_1_0,trl_s_s_xx_11_11_1,trl_s_w_xx_1_11_2,trl_s_w_xx_11_11_1,trl_w_e_xx_1_1_3,trl_w_e_xx_11_1_0,trl_w_n_xx_1_1_3,trl_w_n_xx_1_11_2,trl_w_s_xx_11_1_0,trl_w_s_xx_11_11_1,trl_w_w_xx_1_11_2,trl_w_w_xx_11_11_1
trl_e_e_xx_1_11_0,trl_e_w_xx_11_1_2,trl_n_n_xx_11_11_3,trl_n_s_xx_1_1_1,trl_s_n_xx_11_11_3,trl_s_s_xx_1_1_1,trl_w_e_xx_1_11_0,trl_w_w_xx_11_1_2
trl_e_e_xx_1_11_1,trl_e_n_xx_11_11_0,trl_e_s_xx_1_1_2,trl_e_w_xx_11_1_3,trl_n_e_xx_1_11_1,trl_n_n_xx_11_11_0,trl_n_s_xx_1_1_2,trl_n_w_xx_11_1_3,trl_s_e_xx_1_11_1,trl_s_n_xx_11_11_0,trl_s_s_xx_1_1_2,trl_s_w_xx_11_1_3,trl_w_e_xx_1_11_1,trl_w_n_xx_11_11_0,trl_w_s_xx_1_1_2,trl_w_w_xx_11_1_3
trl_e_e_xx_1_11_2,trl_e_n_xx_11_11_1,trl_e_s_xx_1_1_3,trl_e_w_xx_11_1_0,trl_n_e_xx_1_11_2,trl_n_n_xx_11_11_1,trl_n_s_xx_1_1_3,trl_n_w_xx_11_1_0,trl_s_e_xx_1_11_2,trl_s_n_xx_11_11_1,trl_s_s_xx_1_1_3,trl_s_w_xx_11_1_0,trl_w_e_xx_1_11_2,trl_w_n_xx_11_11_1,trl_w_s_xx_1_1_3,trl_w_w_xx_11_1_0
trl_e_e_xx_1_11_3,trl_e_w_xx_11_1_1,trl_n_n_xx_11_11_2,trl_n_s_xx_1_1_0,trl_s_n_xx_11_11_2,trl_s_s_xx_1_1_0,trl_w_e_xx_1_11_3,trl_w_w_xx_11_1_1
trl_e_e_xx_2_2_0,trl_e_w_xx_10_10_2,trl_n_n_xx_2_10_3,trl_n_s_xx_10_2_1,trl_s_n_xx_2_10_3,trl_s_s_xx_10_2_1,trl_w_e_xx_2_2_0,trl_w_w_xx_10_10_2
trl_e_e_xx_2_2_1,trl_n_n_xx_2_10_0,trl_s_s_xx_10_2_2,trl_w_w_xx_10_10_3
trl_e_e_xx_2_2_2,trl_e_w_xx_10_10_0,trl_n_n_xx_2_10_1,trl_n_s_xx_10_2_3,trl_s_n_xx_2_10_1,trl_s_s_xx_10_2_3,trl_w_e_xx_2_2_2,trl_w_w_xx_10_10_0
trl_e_e_xx_2_2_3,trl_e_n_xx_2_10_2,trl_e_s_xx_10_2_0,trl_e_w_xx_10_10_1,trl_n_e_xx_2_2_3,trl_n_n_xx_2_10_2,trl_n_s_xx_10_2_0,trl_n_w_xx_10_10_1,trl_s_e_xx_2_2_3,trl_s_n_xx_2_10_2,trl_s_s_xx_10_2_0,trl_s_w_xx_10_10_1,trl_w_e_xx_2_2_3,trl_w_n_xx_2_10_2,trl_w_s_xx_10_2_0,trl_w_w_xx_10_10_1
trl_e_e_xx_2_3_0,trl_n_n_xx_3_10_3,trl_s_s_xx_9_2_1,trl_w_w_xx_10_9_2
trl_e_e_xx_2_3_1,trl_n_n_xx_3_10_0,trl_s_s_xx_9_2_2,trl_w_w_xx_10_9_3
trl_e_e_xx_2_3_2,trl_e_w_xx_10_9_0,trl_n_n_xx_3_10_1,trl_n_s_xx_9_2_3,trl_s_n_xx_3_10_1,trl_s_s_xx_9_2_3,trl_w_e_xx_2_3_2,trl_w_w_xx_10_9_0
trl_e_e_xx_2_3_3,trl_e_w_xx_10_9_1,trl_n_n_xx_3_10_2,trl_n_s_xx_9_2_0,trl_s_n_xx_3_10_2,trl_s_s_xx_9_2_0,trl_w_e_xx_2_3_3,trl_w_w_xx_10_9_1
trl_e_e_xx_2_4_0,trl_n_n_xx_4_10_3,trl_s_s_xx_8_2_1,trl_w_w_xx_10_8_2
trl_e_e_xx_2_4_1,trl_n_n_xx_4_10_0,trl_s_s_xx_8_2_2,trl_w_w_xx_10_8_3
trl_e_e_xx_2_4_2,trl_n_n_xx_4_10_1,trl_s_s_xx_8_2_3,trl_w_w_xx_10_8_0
trl_e_e_xx_2_4_3,trl_n_n_xx_4_10_2,trl_s_s_xx_8_2_0,trl_w_w_xx_10_8_1
trl_e_e_xx_2_5_0,trl_n_n_xx_5_10_3,trl_s_s_xx_7_2_1,trl_w_w_xx_10_7_2
trl_e_e_xx_2_5_1,trl_n_n_xx_5_10_0,trl_s_s_xx_7_2_2,trl_w_w_xx_10_7_3
trl_e_e_xx_2_5_2,trl_n_n_xx_5_10_1,trl_s_s_xx_7_2_3,trl_w_w_xx_10_7_0
trl_e_e_xx_2_5_3,trl_e_w_xx_10_7_1,trl_n_n_xx_5_10_2,trl_n_s_xx_7_2_0,trl_s_n_xx_5_10_2,trl_s_s_xx_7_2_0,trl_w_e_xx_2_5_3,trl_w_w_xx_10_7_1
trl_e_e_xx_2_6_0,trl_n_n_xx_6_10_3,trl_s_s_xx_6_2_1,trl_w_w_xx_10_6_2
trl_e_e_xx_2_6_1,trl_n_n_xx_6_10_0,trl_s_s_xx_6_2_2,trl_w_w_xx_10_6_3
trl_e_e_xx_2_6_2,trl_e_w_xx_10_6_0,trl_n_n_xx_6_10_1,trl_n_s_xx_6_2_3,trl_s_n_xx_6_10_1,trl_s_s_xx_6_2_3,trl_w_e_xx_2_6_2,trl_w_w_xx_10_6_0
trl_e_e_xx_2_6_3,trl_e_w_xx_10_6_1,trl_n_n_xx_6_10_2,trl_n_s_xx_6_2_0,trl_s_n_xx_6_10_2,trl_s_s_xx_6_2_0,trl_w_e_xx_2_6_3,trl_w_w_xx_10_6_1
trl_e_e_xx_2_7_0,trl_e_w_xx_10_5_2,trl_n_n_xx_7_10_3,trl_n_s_xx_5_2_1,trl_s_n_xx_7_10_3,trl_s_s_xx_5_2_1,trl_w_e_xx_2_7_0,trl_w_w_xx_10_5_2
trl_e_e_xx_2_7_1,trl_e_w_xx_10_5_3,trl_n_n_xx_7_10_0,trl_n_s_xx_5_2_2,trl_s_n_xx_7_10_0,trl_s_s_xx_5_2_2,trl_w_e_xx_2_7_1,trl_w_w_xx_10_5_3
trl_e_e_xx_2_7_2,trl_e_w_xx_10_5_0,trl_n_n_xx_7_10_1,trl_n_s_xx_5_2_3,trl_s_n_xx_7_10_1,trl_s_s_xx_5_2_3,trl_w_e_xx_2_7_2,trl_w_w_xx_10_5_0
trl_e_e_xx_2_7_3,trl_e_w_xx_10_5_1,trl_n_n_xx_7_10_2,trl_n_s_xx_5_2_0,trl_s_n_xx_7_10_2,trl_s_s_xx_5_2_0,trl_w_e_xx_2_7_3,trl_w_w_xx_10_5_1
trl_e_e_xx_2_8_0,trl_n_n_xx_8_10_3,trl_s_s_xx_4_2_1,trl_w_w_xx_10_4_2
trl_e_e_xx_2_8_1,trl_e_n_xx_8_10_0,trl_e_s_xx_4_2_2,trl_n_e_xx_2_8_1,trl_n_n_xx_8_10_0,trl_n_w_xx_10_4_3,trl_s_e_xx_2_8_1,trl_s_s_xx_4_2_2,trl_s_w_xx_10_4_3,trl_w_n_xx_8_10_0,trl_w_s_xx_4_2_2,trl_w_w_xx_10_4_3
trl_e_e_xx_2_8_2,trl_e_w_xx_10_4_0,trl_n_n_xx_8_10_1,trl_n_s_xx_4_2_3,trl_s_n_xx_8_10_1,trl_s_s_xx_4_2_3,trl_w_e_xx_2_8_2,trl_w_w_xx_10_4_0
trl_e_e_xx_2_8_3,trl_e_w_xx_10_4_1,trl_n_n_xx_8_10_2,trl_n_s_xx_4_2_0,trl_s_n_xx_8_10_2,trl_s_s_xx_4_2_0,trl_w_e_xx_2_8_3,trl_w_w_xx_10_4_1
trl_e_e_xx_2_9_0,trl_n_n_xx_9_10_3,trl_s_s_xx_3_2_1,trl_w_w_xx_10_3_2
trl_e_e_xx_2_9_1,trl_e_n_xx_9_10_0,trl_e_s_xx_3_2_2,trl_n_e_xx_2_9_1,trl_n_n_xx_9_10_0,trl_n_w_xx_10_3_3,trl_s_e_xx_2_9_1,trl_s_s_xx_3_2_2,trl_s_w_xx_10_3_3,trl_w_n_xx_9_10_0,trl_w_s_xx_3_2_2,trl_w_w_xx_10_3_3
trl_e_e_xx_2_9_2,trl_e_w_xx_10_3_0,trl_n_n_xx_9_10_1,trl_n_s_xx_3_2_3,trl_s_n_xx_9_10_1,trl_s_s_xx_3_2_3,trl_w_e_xx_2_9_2,trl_w_w_xx_10_3_0
trl_e_e_xx_2_9_3,trl_n_n_xx_9_10_2,trl_s_s_xx_3_2_0,trl_w_w_xx_10_3_1
trl_e_e_xx_2_10_0,trl_n_n_xx_10_10_3,trl_s_s_xx_2_2_1,trl_w_w_xx_10_2_2
trl_e_e_xx_2_10_1,trl_e_w_xx_10_2_3,trl_n_n_xx_10_10_0,trl_n_s_xx_2_2_2,trl_s_n_xx_10_10_0,trl_s_s_xx_2_2_2,trl_w_e_xx_2_10_1,trl_w_w_xx_10_2_3
trl_e_e_xx_2_10_2,trl_e_w_xx_10_2_0,trl_n_n_xx_10_10_1,trl_n_s_xx_2_2_3,trl_s_n_xx_10_10_1,trl_s_s_xx_2_2_3,trl_w_e_xx_2_10_2,trl_w_w_xx_10_2_0
trl_e_e_xx_2_10_3,trl_n_n_xx_10_10_2,trl_s_s_xx_2_2_0,trl_w_w_xx_10_2_1
trl_e_e_xx_3_2_0,trl_n_n_xx_2_9_3,trl_s_s_xx_10_3_1,trl_w_w_xx_9_10_2
trl_e_e_xx_3_2_1,trl_n_n_xx_2_9_0,trl_s_s_xx_10_3_2,trl_w_w_xx_9_10_3
trl_e_e_xx_3_2_2,trl_n_n_xx_2_9_1,trl_s_s_xx_10_3_3,trl_w_w_xx_9_10_0
trl_e_e_xx_3_2_3,trl_e_n_xx_2_9_2,trl_e_s_xx_10_3_0,trl_e_w_xx_9_10_1,trl_n_e_xx_3_2_3,trl_n_n_xx_2_9_2,trl_n_s_xx_10_3_0,trl_n_w_xx_9_10_1,trl_s_e_xx_3_2_3,trl_s_n_xx_2_9_2,trl_s_s_xx_10_3_0,trl_s_w_xx_9_10_1,trl_w_e_xx_3_2_3,trl_w_n_xx_2_9_2,trl_w_s_xx_10_3_0,trl_w_w_xx_9_10_1
trl_e_e_xx_3_6_0,trl_n_n_xx_6_9_3,trl_s_s_xx_6_3_1,trl_w_w_xx_9_6_2
trl_e_e_xx_3_6_1,trl_n_n_xx_6_9_0,trl_s_s_xx_6_3_2,trl_w_w_xx_9_6_3
trl_e_e_xx_3_6_2,trl_e_w_xx_9_6_0,trl_n_n_xx_6_9_1,trl_n_s_xx_6_3_3,trl_s_n_xx_6_9_1,trl_s_s_xx_6_3_3,trl_w_e_xx_3_6_2,trl_w_w_xx_9_6_0
trl_e_e_xx_3_6_3,trl_e_n_xx_6_9_2,trl_n_n_xx_6_9_2,trl_n_w_xx_9_6_1,trl_s_e_xx_3_6_3,trl_s_s_xx_6_3_0,trl_w_s_xx_6_3_0,trl_w_w_xx_9_6_1
trl_e_e_xx_3_10_0,trl_n_n_xx_10_9_3,trl_s_s_xx_2_3_1,trl_w_w_xx_9_2_2
trl_e_e_xx_3_10_1,trl_e_w_xx_9_2_3,trl_n_n_xx_10_9_0,trl_n_s_xx_2_3_2,trl_s_n_xx_10_9_0,trl_s_s_xx_2_3_2,trl_w_e_xx_3_10_1,trl_w_w_xx_9_2_3
trl_e_e_xx_3_10_2,trl_e_n_xx_10_9_1,trl_e_s_xx_2_3_3,trl_e_w_xx_9_2_0,trl_n_e_xx_3_10_2,trl_n_n_xx_10_9_1,trl_n_s_xx_2_3_3,trl_n_w_xx_9_2_0,trl_s_e_xx_3_10_2,trl_s_n_xx_10_9_1,trl_s_s_xx_2_3_3,trl_s_w_xx_9_2_0,trl_w_e_xx_3_10_2,trl_w_n_xx_10_9_1,trl_w_s_xx_2_3_3,trl_w_w_xx_9_2_0
trl_e_e_xx_3_10_3,trl_e_w_xx_9_2_1,trl_n_n_xx_10_9_2,trl_n_s_xx_2_3_0,trl_s_n_xx_10_9_2,trl_s_s_xx_2_3_0,trl_w_e_xx_3_10_3,trl_w_w_xx_9_2_1
trl_e_e_xx_4_2_0,trl_n_n_xx_2_8_3,trl_s_s_xx_10_4_1,trl_w_w_xx_8_10_2
trl_e_e_xx_4_2_1,trl_n_n_xx_2_8_0,trl_s_s_xx_10_4_2,trl_w_w_xx_8_10_3
trl_e_e_xx_4_2_2,trl_n_n_xx_2_8_1,trl_s_s_xx_10_4_3,trl_w_w_xx_8_10_0
trl_e_e_xx_4_2_3,trl_e_w_xx_8_10_1,trl_n_n_xx_2_8_2,trl_n_s_xx_10_4_0,trl_s_n_xx_2_8_2,trl_s_s_xx_10_4_0,trl_w_e_xx_4_2_3,trl_w_w_xx_8_10_1
trl_e_e_xx_4_6_0,trl_n_n_xx_6_8_3,trl_s_s_xx_6_4_1,trl_w_w_xx_8_6_2
trl_e_e_xx_4_6_1,trl_n_n_xx_6_8_0,trl_s_s_xx_6_4_2,trl_w_w_xx_8_6_3
trl_e_e_xx_4_6_2,trl_n_n_xx_6_8_1,trl_s_s_xx_6_4_3,trl_w_w_xx_8_6_0
trl_e_e_xx_4_6_3,trl_e_w_xx_8_6_1,trl_n_n_xx_6_8_2,trl_n_s_xx_6_4_0,trl_s_n_xx_6_8_2,trl_s_s_xx_6_4_0,trl_w_e_xx_4_6_3,trl_w_w_xx_8_6_1
trl_e_e_xx_4_10_0,trl_n_n_xx_10_8_3,trl_s_s_xx_2_4_1,trl_w_w_xx_8_2_2
trl_e_e_xx_4_10_1,trl_n_n_xx_10_8_0,trl_s_s_xx_2_4_2,trl_w_w_xx_8_2_3
trl_e_e_xx_4_10_2,trl_n_n_xx_10_8_1,trl_s_s_xx_2_4_3,trl_w_w_xx_8_2_0
trl_e_e_xx_4_10_3,trl_n_n_xx_10_8_2,trl_s_s_xx_2_4_0,trl_w_w_xx_8_2_1
trl_e_e_xx_5_6_0,trl_n_n_xx_6_7_3,trl_s_s_xx_6_5_1,trl_w_w_xx_7_6_2
trl_e_e_xx_5_6_1,trl_n_n_xx_6_7_0,trl_s_s_xx_6_5_2,trl_w_w_xx_7_6_3
trl_e_e_xx_5_6_2,trl_n_n_xx_6_7_1,trl_s_s_xx_6_5_3,trl_w_w_xx_7_6_0
trl_e_e_xx_5_6_3,trl_n_n_xx_6_7_2,trl_s_s_xx_6_5_0,trl_w_w_xx_7_6_1
trl_e_e_xx_6_6_0,trl_n_n_xx_6_6_3,trl_s_s_xx_6_6_1,trl_w_w_xx_6_6_2
trl_e_e_xx_6_6_1,trl_n_n_xx_6_6_0,trl_s_s_xx_6_6_2,trl_w_w_xx_6_6_3
trl_e_e_xx_6_6_2,trl_n_n_xx_6_6_1,trl_s_s_xx_6_6_3,trl_w_w_xx_6_6_0
trl_e_e_xx_6_6_3,trl_n_n_xx_6_6_2,trl_s_s_xx_6_6_0,trl_w_w_xx_6_6_1
trl_e_e_xx_7_6_0,trl_n_n_xx_6_5_3,trl_s_s_xx_6_7_1,trl_w_w_xx_5_6_2
trl_e_e_xx_7_6_1,trl_n_n_xx_6_5_0,trl_s_s_xx_6_7_2,trl_w_w_xx_5_6_3
trl_e_e_xx_7_6_2,trl_n_n_xx_6_5_1,trl_s_s_xx_6_7_3,trl_w_w_xx_5_6_0
trl_e_e_xx_7_6_3,trl_n_n_xx_6_5_2,trl_s_s_xx_6_7_0,trl_w_w_xx_5_6_1
trl_e_e_xx_8_2_0,trl_n_n_xx_2_4_3,trl_s_s_xx_10_8_1,trl_w_w_xx_4_10_2
trl_e_e_xx_8_2_1,trl_n_n_xx_2_4_0,trl_s_s_xx_10_8_2,trl_w_w_xx_4_10_3
trl_e_e_xx_8_2_2,trl_n_n_xx_2_4_1,trl_s_s_xx_10_8_3,trl_w_w_xx_4_10_0
trl_e_e_xx_8_2_3,trl_e_w_xx_4_10_1,trl_n_n_xx_2_4_2,trl_n_s_xx_10_8_0,trl_s_n_xx_2_4_2,trl_s_s_xx_10_8_0,trl_w_e_xx_8_2_3,trl_w_w_xx_4_10_1
trl_e_e_xx_8_6_0,trl_e_w_xx_4_6_2,trl_n_n_xx_6_4_3,trl_n_s_xx_6_8_1,trl_s_n_xx_6_4_3,trl_s_s_xx_6_8_1,trl_w_e_xx_8_6_0,trl_w_w_xx_4_6_2
trl_e_e_xx_8_6_1,trl_n_n_xx_6_4_0,trl_s_s_xx_6_8_2,trl_w_w_xx_4_6_3
trl_e_e_xx_8_6_2,trl_n_n_xx_6_4_1,trl_s_s_xx_6_8_3,trl_w_w_xx_4_6_0
trl_e_e_xx_8_6_3,trl_e_w_xx_4_6_1,trl_n_n_xx_6_4_2,trl_n_s_xx_6_8_0,trl_s_n_xx_6_4_2,trl_s_s_xx_6_8_0,trl_w_e_xx_8_6_3,trl_w_w_xx_4_6_1
trl_e_e_xx_8_10_0,trl_n_n_xx_10_4_3,trl_s_s_xx_2_8_1,trl_w_w_xx_4_2_2
trl_e_e_xx_8_10_1,trl_e_w_xx_4_2_3,trl_n_n_xx_10_4_0,trl_n_s_xx_2_8_2,trl_s_n_xx_10_4_0,trl_s_s_xx_2_8_2,trl_w_e_xx_8_10_1,trl_w_w_xx_4_2_3
trl_e_e_xx_8_10_2,trl_n_n_xx_10_4_1,trl_s_s_xx_2_8_3,trl_w_w_xx_4_2_0
trl_e_e_xx_8_10_3,trl_n_n_xx_10_4_2,trl_s_s_xx_2_8_0,trl_w_w_xx_4_2_1
trl_e_e_xx_9_2_0,trl_n_n_xx_2_3_3,trl_s_s_xx_10_9_1,trl_w_w_xx_3_10_2
trl_e_e_xx_9_2_1,trl_n_n_xx_2_3_0,trl_s_s_xx_10_9_2,trl_w_w_xx_3_10_3
trl_e_e_xx_9_2_2,trl_n_n_xx_2_3_1,trl_s_s_xx_10_9_3,trl_w_w_xx_3_10_0
trl_e_e_xx_9_2_3,trl_e_n_xx_2_3_2,trl_e_s_xx_10_9_0,trl_e_w_xx_3_10_1,trl_n_e_xx_9_2_3,trl_n_n_xx_2_3_2,trl_n_s_xx_10_9_0,trl_n_w_xx_3_10_1,trl_s_e_xx_9_2_3,trl_s_n_xx_2_3_2,trl_s_s_xx_10_9_0,trl_s_w_xx_3_10_1,trl_w_e_xx_9_2_3,trl_w_n_xx_2_3_2,trl_w_s_xx_10_9_0,trl_w_w_xx_3_10_1
trl_e_e_xx_9_6_0,trl_n_n_xx_6_3_3,trl_s_s_xx_6_9_1,trl_w_w_xx_3_6_2
trl_e_e_xx_9_6_1,trl_n_n_xx_6_3_0,trl_s_s_xx_6_9_2,trl_w_w_xx_3_6_3
trl_e_e_xx_9_6_2,trl_n_n_xx_6_3_1,trl_s_s_xx_6_9_3,trl_w_w_xx_3_6_0
trl_e_e_xx_9_6_3,trl_e_s_xx_6_9_0,trl_n_e_xx_9_6_3,trl_n_n_xx_6_3_2,trl_s_s_xx_6_9_0,trl_s_w_xx_3_6_1,trl_w_n_xx_6_3_2,trl_w_w_xx_3_6_1
trl_e_e_xx_9_10_0,trl_e_n_xx_10_3_3,trl_e_s_xx_2_9_1,trl_e_w_xx_3_2_2,trl_n_e_xx_9_10_0,trl_n_n_xx_10_3_3,trl_n_s_xx_2_9_1,trl_n_w_xx_3_2_2,trl_s_e_xx_9_10_0,trl_s_n_xx_10_3_3,trl_s_s_xx_2_9_1,trl_s_w_xx_3_2_2,trl_w_e_xx_9_10_0,trl_w_n_xx_10_3_3,trl_w_s_xx_2_9_1,trl_w_w_xx_3_2_2
trl_e_e_xx_9_10_1,trl_n_n_xx_10_3_0,trl_s_s_xx_2_9_2,trl_w_w_xx_3_2_3
trl_e_e_xx_9_10_2,trl_e_w_xx_3_2_0,trl_n_n_xx_10_3_1,trl_n_s_xx_2_9_3,trl_s_n_xx_10_3_1,trl_s_s_xx_2_9_3,trl_w_e_xx_9_10_2,trl_w_w_xx_3_2_0
trl_e_e_xx_9_10_3,trl_e_w_xx_3_2_1,trl_n_n_xx_10_3_2,trl_n_s_xx_2_9_0,trl_s_n_xx_10_3_2,trl_s_s_xx_2_9_0,trl_w_e_xx_9_10_3,trl_w_w_xx_3_2_1
trl_e_e_xx_10_2_0,trl_e_w_xx_2_10_2,trl_n_n_xx_2_2_3,trl_n_s_xx_10_10_1,trl_s_n_xx_2_2_3,trl_s_s_xx_10_10_1,trl_w_e_xx_10_2_0,trl_w_w_xx_2_10_2
trl_e_e_xx_10_2_1,trl_n_n_xx_2_2_0,trl_s_s_xx_10_10_2,trl_w_w_xx_2_10_3
trl_e_e_xx_10_2_2,trl_n_n_xx_2_2_1,trl_s_s_xx_10_10_3,trl_w_w_xx_2_10_0
trl_e_e_xx_10_2_3,trl_e_n_xx_2_2_2,trl_e_s_xx_10_10_0,trl_e_w_xx_2_10_1,trl_n_e_xx_10_2_3,trl_n_n_xx_2_2_2,trl_n_s_xx_10_10_0,trl_n_w_xx_2_10_1,trl_s_e_xx_10_2_3,trl_s_n_xx_2_2_2,trl_s_s_xx_10_10_0,trl_s_w_xx_2_10_1,trl_w_e_xx_10_2_3,trl_w_n_xx_2_2_2,trl_w_s_xx_10_10_0,trl_w_w_xx_2_10_1
trl_e_e_xx_10_3_0,trl_n_n_xx_3_2_3,trl_s_s_xx_9_10_1,trl_w_w_xx_2_9_2
trl_e_e_xx_10_3_1,trl_n_n_xx_3_2_0,trl_s_s_xx_9_10_2,trl_w_w_xx_2_9_3
trl_e_e_xx_10_3_2,trl_n_n_xx_3_2_1,trl_s_s_xx_9_10_3,trl_w_w_xx_2_9_0
trl_e_e_xx_10_3_3,trl_e_w_xx_2_9_1,trl_n_n_xx_3_2_2,trl_n_s_xx_9_10_0,trl_s_n_xx_3_2_2,trl_s_s_xx_9_10_0,trl_w_e_xx_10_3_3,trl_w_w_xx_2_9_1
trl_e_e_xx_10_4_0,trl_n_n_xx_4_2_3,trl_s_s_xx_8_10_1,trl_w_w_xx_2_8_2
trl_e_e_xx_10_4_1,trl_n_n_xx_4_2_0,trl_s_s_xx_8_10_2,trl_w_w_xx_2_8_3
trl_e_e_xx_10_4_2,trl_n_n_xx_4_2_1,trl_s_s_xx_8_10_3,trl_w_w_xx_2_8_0
trl_e_e_xx_10_4_3,trl_n_n_xx_4_2_2,trl_s_s_xx_8_10_0,trl_w_w_xx_2_8_1
trl_e_e_xx_10_5_0,trl_n_n_xx_5_2_3,trl_s_s_xx_7_10_1,trl_w_w_xx_2_7_2
trl_e_e_xx_10_5_1,trl_n_n_xx_5_2_0,trl_s_s_xx_7_10_2,trl_w_w_xx_2_7_3
trl_e_e_xx_10_5_2,trl_n_n_xx_5_2_1,trl_s_s_xx_7_10_3,trl_w_w_xx_2_7_0
trl_e_e_xx_10_5_3,trl_e_w_xx_2_7_1,trl_n_n_xx_5_2_2,trl_n_s_xx_7_10_0,trl_s_n_xx_5_2_2,trl_s_s_xx_7_10_0,trl_w_e_xx_10_5_3,trl_w_w_xx_2_7_1
trl_e_e_xx_10_6_0,trl_e_w_xx_2_6_2,trl_n_n_xx_6_2_3,trl_n_s_xx_6_10_1,trl_s_n_xx_6_2_3,trl_s_s_xx_6_10_1,trl_w_e_xx_10_6_0,trl_w_w_xx_2_6_2
trl_e_e_xx_10_6_1,trl_n_n_xx_6_2_0,trl_s_s_xx_6_10_2,trl_w_w_xx_2_6_3
trl_e_e_xx_10_6_2,trl_n_n_xx_6_2_1,trl_s_s_xx_6_10_3,trl_w_w_xx_2_6_0
trl_e_e_xx_10_6_3,trl_e_w_xx_2_6_1,trl_n_n_xx_6_2_2,trl_n_s_xx_6_10_0,trl_s_n_xx_6_2_2,trl_s_s_xx_6_10_0,trl_w_e_xx_10_6_3,trl_w_w_xx_2_6_1
trl_e_e_xx_10_7_0,trl_e_w_xx_2_5_2,trl_n_n_xx_7_2_3,trl_n_s_xx_5_10_1,trl_s_n_xx_7_2_3,trl_s_s_xx_5_10_1,trl_w_e_xx_10_7_0,trl_w_w_xx_2_5_2
trl_e_e_xx_10_7_1,trl_e_w_xx_2_5_3,trl_n_n_xx_7_2_0,trl_n_s_xx_5_10_2,trl_s_n_xx_7_2_0,trl_s_s_xx_5_10_2,trl_w_e_xx_10_7_1,trl_w_w_xx_2_5_3
trl_e_e_xx_10_7_2,trl_n_n_xx_7_2_1,trl_s_s_xx_5_10_3,trl_w_w_xx_2_5_0
trl_e_e_xx_10_7_3,trl_n_n_xx_7_2_2,trl_s_s_xx_5_10_0,trl_w_w_xx_2_5_1
trl_e_e_xx_10_8_0,trl_e_w_xx_2_4_2,trl_n_n_xx_8_2_3,trl_n_s_xx_4_10_1,trl_s_n_xx_8_2_3,trl_s_s_xx_4_10_1,trl_w_e_xx_10_8_0,trl_w_w_xx_2_4_2
trl_e_e_xx_10_8_1,trl_e_n_xx_8_2_0,trl_e_s_xx_4_10_2,trl_n_e_xx_10_8_1,trl_n_n_xx_8_2_0,trl_n_w_xx_2_4_3,trl_s_e_xx_10_8_1,trl_s_s_xx_4_10_2,trl_s_w_xx_2_4_3,trl_w_n_xx_8_2_0,trl_w_s_xx_4_10_2,trl_w_w_xx_2_4_3
trl_e_e_xx_10_8_2,trl_n_n_xx_8_2_1,trl_s_s_xx_4_10_3,trl_w_w_xx_2_4_0
trl_e_e_xx_10_8_3,trl_e_w_xx_2_4_1,trl_n_n_xx_8_2_2,trl_n_s_xx_4_10_0,trl_s_n_xx_8_2_2,trl_s_s_xx_4_10_0,trl_w_e_xx_10_8_3,trl_w_w_xx_2_4_1
trl_e_e_xx_10_9_0,trl_e_w_xx_2_3_2,trl_n_n_xx_9_2_3,trl_n_s_xx_3_10_1,trl_s_n_xx_9_2_3,trl_s_s_xx_3_10_1,trl_w_e_xx_10_9_0,trl_w_w_xx_2_3_2
trl_e_e_xx_10_9_1,trl_e_n_xx_9_2_0,trl_e_s_xx_3_10_2,trl_e_w_xx_2_3_3,trl_n_e_xx_10_9_1,trl_n_n_xx_9_2_0,trl_n_s_xx_3_10_2,trl_n_w_xx_2_3_3,trl_s_e_xx_10_9_1,trl_s_n_xx_9_2_0,trl_s_s_xx_3_10_2,trl_s_w_xx_2_3_3,trl_w_e_xx_10_9_1,trl_w_n_xx_9_2_0,trl_w_s_xx_3_10_2,trl_w_w_xx_2_3_3
trl_e_e_xx_10_9_2,trl_n_n_xx_9_2_1,trl_s_s_xx_3_10_3,trl_w_w_xx_2_3_0
trl_e_e_xx_10_9_3,trl_n_n_xx_9_2_2,trl_s_s_xx_3_10_0,trl_w_w_xx_2_3_1
trl_e_e_xx_10_10_0,trl_e_w_xx_2_2_2,trl_n_n_xx_10_2_3,trl_n_s_xx_2_10_1,trl_s_n_xx_10_2_3,trl_s_s_xx_2_10_1,trl_w_e_xx_10_10_0,trl_w_w_xx_2_2_2
trl_e_e_xx_10_10_1,trl_n_n_xx_10_2_0,trl_s_s_xx_2_10_2,trl_w_w_xx_2_2_3
trl_e_e_xx_10_10_2,trl_n_n_xx_10_2_1,trl_s_s_xx_2_10_3,trl_w_w_xx_2_2_0
trl_e_e_xx_10_10_3,trl_n_n_xx_10_2_2,trl_s_s_xx_2_10_0,trl_w_w_xx_2_2_1
trl_e_e_xx_11_1_1,trl_n_n_xx_1_1_0,trl_s_s_xx_11_11_2,trl_w_w_xx_1_11_3
trl_e_e_xx_11_1_2,trl_n_n_xx_1_1_1,trl_s_s_xx_11_11_3,trl_w_w_xx_1_11_0
trl_e_e_xx_11_1_3,trl_n_n_xx_1_1_2,trl_s_s_xx_11_11_0,trl_w_w_xx_1_11_1
trl_e_e_xx_11_11_0,trl_e_w_xx_1_1_2,trl_n_n_xx_11_1_3,trl_n_s_xx_1_11_1,trl_s_n_xx_11_1_3,trl_s_s_xx_1_11_1,trl_w_e_xx_11_11_0,trl_w_w_xx_1_1_2
trl_e_e_xx_11_11_1,trl_e_n_xx_11_1_0,trl_e_s_xx_1_11_2,trl_e_w_xx_1_1_3,trl_n_e_xx_11_11_1,trl_n_n_xx_11_1_0,trl_n_s_xx_1_11_2,trl_n_w_xx_1_1_3,trl_s_e_xx_11_11_1,trl_s_n_xx_11_1_0,trl_s_s_xx_1_11_2,trl_s_w_xx_1_1_3,trl_w_e_xx_11_11_1,trl_w_n_xx_11_1_0,trl_w_s_xx_1_11_2,trl_w_w_xx_1_1_3
trl_e_e_xx_11_11_2,trl_e_n_xx_11_1_1,trl_e_s_xx_1_11_3,trl_e_w_xx_1_1_0,trl_n_e_xx_11_11_2,trl_n_n_xx_11_1_1,trl_n_s_xx_1_11_3,trl_n_w_xx_1_1_0,trl_s_e_xx_11_11_2,trl_s_n_xx_11_1_1,trl_s_s_xx_1_11_3,trl_s_w_xx_1_1_0,trl_w_e_xx_11_11_2,trl_w_n_xx_11_1_1,trl_w_s_xx_1_11_3,trl_w_w_xx_1_1_0
trl_e_e_xx_11_11_3,trl_e_w_xx_1_1_1,trl_n_n_xx_11_1_2,trl_n_s_xx_1_11_0,trl_s_n_xx_11_1_2,trl_s_s_xx_1_11_0,trl_w_e_xx_11_11_3,trl_w_w_xx_1_1_1
trl_e_n_xx_1_1_0,trl_e_s_xx_11_11_2,trl_n_e_xx_11_1_1,trl_n_w_xx_1_11_3,trl_s_e_xx_11_1_1,trl_s_w_xx_1_11_3,trl_w_n_xx_1_1_0,trl_w_s_xx_11_11_2
trl_e_n_xx_1_1_1,trl_n_w_xx_1_11_0,trl_s_e_xx_11_1_2,trl_w_s_xx_11_11_3
trl_e_n_xx_1_1_2,trl_n_w_xx_1_11_1,trl_s_e_xx_11_1_3,trl_w_s_xx_11_11_0
trl_e_n_xx_1_11_0,trl_n_w_xx_11_11_3,trl_s_e_xx_1_1_1,trl_w_s_xx_11_1_2
trl_e_n_xx_1_11_1,trl_n_w_xx_11_11_0,trl_s_e_xx_1_1_2,trl_w_s_xx_11_1_3
trl_e_n_xx_1_11_3,trl_n_w_xx_11_11_2,trl_s_e_xx_1_1_0,trl_w_s_xx_11_1_1
trl_e_n_xx_2_2_0,trl_e_s_xx_10_10_2,trl_n_e_xx_10_2_1,trl_n_w_xx_2_10_3,trl_s_e_xx_10_2_1,trl_s_w_xx_2_10_3,trl_w_n_xx_2_2_0,trl_w_s_xx_10_10_2
trl_e_n_xx_2_2_1,trl_e_s_xx_10_10_3,trl_n_e_xx_10_2_2,trl_n_w_xx_2_10_0,trl_s_e_xx_10_2_2,trl_s_w_xx_2_10_0,trl_w_n_xx_2_2_1,trl_w_s_xx_10_10_3
trl_e_n_xx_2_2_3,trl_e_s_xx_10_10_1,trl_n_e_xx_10_2_0,trl_n_w_xx_2_10_2,trl_s_e_xx_10_2_0,trl_s_w_xx_2_10_2,trl_w_n_xx_2_2_3,trl_w_s_xx_10_10_1
trl_e_n_xx_2_3_0,trl_e_s_xx_10_9_2,trl_n_e_xx_9_2_1,trl_n_w_xx_3_10_3,trl_s_e_xx_9_2_1,trl_s_w_xx_3_10_3,trl_w_n_xx_2_3_0,trl_w_s_xx_10_9_2
trl_e_n_xx_2_3_1,trl_n_w_xx_3_10_0,trl_s_e_xx_9_2_2,trl_w_s_xx_10_9_3
trl_e_n_xx_2_3_3,trl_n_w_xx_3_10_2,trl_s_e_xx_9_2_0,trl_w_s_xx_10_9_1
trl_e_n_xx_2_4_0,trl_n_w_xx_4_10_3,trl_s_e_xx_8_2_1,trl_w_s_xx_10_8_2
trl_e_n_xx_2_4_1,trl_n_w_xx_4_10_0,trl_s_e_xx_8_2_2,trl_w_s_xx_10_8_3
trl_e_n_xx_2_4_2,trl_e_s_xx_10_8_0,trl_n_e_xx_8_2_3,trl_n_w_xx_4_10_1,trl_s_e_xx_8_2_3,trl_s_w_xx_4_10_1,trl_w_n_xx_2_4_2,trl_w_s_xx_10_8_0
trl_e_n_xx_2_4_3,trl_n_w_xx_4_10_2,trl_s_e_xx_8_2_0,trl_w_s_xx_10_8_1
trl_e_n_xx_2_5_0,trl_n_w_xx_5_10_3,trl_s_e_xx_7_2_1,trl_w_s_xx_10_7_2
trl_e_n_xx_2_5_1,trl_n_w_xx_5_10_0,trl_s_e_xx_7_2_2,trl_w_s_xx_10_7_3
trl_e_n_xx_2_5_2,trl_e_s_xx_10_7_0,trl_n_e_xx_7_2_3,trl_n_w_xx_5_10_1,trl_s_e_xx_7_2_3,trl_s_w_xx_5_10_1,trl_w_n_xx_2_5_2,trl_w_s_xx_10_7_0
trl_e_n_xx_2_5_3,trl_n_w_xx_5_10_2,trl_s_e_xx_7_2_0,trl_w_s_xx_10_7_1
trl_e_n_xx_2_6_0,trl_n_w_xx_6_10_3,trl_s_e_xx_6_2_1,trl_w_s_xx_10_6_2
trl_e_n_xx_2_6_1,trl_n_w_xx_6_10_0,trl_s_e_xx_6_2_2,trl_w_s_xx_10_6_3
trl_e_n_xx_2_6_2,trl_e_s_xx_10_6_0,trl_n_e_xx_6_2_3,trl_n_w_xx_6_10_1,trl_s_e_xx_6_2_3,trl_s_w_xx_6_10_1,trl_w_n_xx_2_6_2,trl_w_s_xx_10_6_0
trl_e_n_xx_2_6_3,trl_n_w_xx_6_10_2,trl_s_e_xx_6_2_0,trl_w_s_xx_10_6_1
trl_e_n_xx_2_7_0,trl_n_w_xx_7_10_3,trl_s_e_xx_5_2_1,trl_w_s_xx_10_5_2
trl_e_n_xx_2_7_1,trl_n_w_xx_7_10_0,trl_s_e_xx_5_2_2,trl_w_s_xx_10_5_3
trl_e_n_xx_2_7_2,trl_e_s_xx_10_5_0,trl_n_e_xx_5_2_3,trl_n_w_xx_7_10_1,trl_s_e_xx_5_2_3,trl_s_w_xx_7_10_1,trl_w_n_xx_2_7_2,trl_w_s_xx_10_5_0
trl_e_n_xx_2_7_3,trl_n_w_xx_7_10_2,trl_s_e_xx_5_2_0,trl_w_s_xx_10_5_1
trl_e_n_xx_2_8_0,trl_n_w_xx_8_10_3,trl_s_e_xx_4_2_1,trl_w_s_xx_10_4_2
trl_e_n_xx_2_8_1,trl_n_w_xx_8_10_0,trl_s_e_xx_4_2_2,trl_w_s_xx_10_4_3
trl_e_n_xx_2_8_2,trl_e_s_xx_10_4_0,trl_n_e_xx_4_2_3,trl_n_w_xx_8_10_1,trl_s_e_xx_4_2_3,trl_s_w_xx_8_10_1,trl_w_n_xx_2_8_2,trl_w_s_xx_10_4_0
trl_e_n_xx_2_8_3,trl_e_s_xx_10_4_1,trl_n_e_xx_4_2_0,trl_n_w_xx_8_10_2,trl_s_e_xx_4_2_0,trl_s_w_xx_8_10_2,trl_w_n_xx_2_8_3,trl_w_s_xx_10_4_1
trl_e_n_xx_2_9_0,trl_e_s_xx_10_3_2,trl_n_e_xx_3_2_1,trl_n_w_xx_9_10_3,trl_s_e_xx_3_2_1,trl_s_w_xx_9_10_3,trl_w_n_xx_2_9_0,trl_w_s_xx_10_3_2
trl_e_n_xx_2_9_1,trl_e_s_xx_10_3_3,trl_n_e_xx_3_2_2,trl_n_w_xx_9_10_0,trl_s_e_xx_3_2_2,trl_s_w_xx_9_10_0,trl_w_n_xx_2_9_1,trl_w_s_xx_10_3_3
trl_e_n_xx_2_9_3,trl_e_s_xx_10_3_1,trl_n_e_xx_3_2_0,trl_n_w_xx_9_10_2,trl_s_e_xx_3_2_0,trl_s_w_xx_9_10_2,trl_w_n_xx_2_9_3,trl_w_s_xx_10_3_1
trl_e_n_xx_2_10_0,trl_n_w_xx_10_10_3,trl_s_e_xx_2_2_1,trl_w_s_xx_10_2_2
trl_e_n_xx_2_10_1,trl_n_w_xx_10_10_0,trl_s_e_xx_2_2_2,trl_w_s_xx_10_2_3
trl_e_n_xx_2_10_3,trl_n_w_xx_10_10_2,trl_s_e_xx_2_2_0,trl_w_s_xx_10_2_1
trl_e_n_xx_3_2_0,trl_n_w_xx_2_9_3,trl_s_e_xx_10_3_1,trl_w_s_xx_9_10_2
trl_e_n_xx_3_2_1,trl_e_s_xx_9_10_3,trl_n_e_xx_10_3_2,trl_n_w_xx_2_9_0,trl_s_e_xx_10_3_2,trl_s_w_xx_2_9_0,trl_w_n_xx_3_2_1,trl_w_s_xx_9_10_3
trl_e_n_xx_3_2_2,trl_e_s_xx_9_10_0,trl_n_e_xx_10_3_3,trl_n_w_xx_2_9_1,trl_s_e_xx_10_3_3,trl_s_w_xx_2_9_1,trl_w_n_xx_3_2_2,trl_w_s_xx_9_10_0
trl_e_n_xx_3_2_3,trl_e_s_xx_9_10_1,trl_n_e_xx_10_3_0,trl_n_w_xx_2_9_2,trl_s_e_xx_10_3_0,trl_s_w_xx_2_9_2,trl_w_n_xx_3_2_3,trl_w_s_xx_9_10_1
trl_e_n_xx_3_6_0,trl_n_w_xx_6_9_3,trl_s_e_xx_6_3_1,trl_w_s_xx_9_6_2
trl_e_n_xx_3_6_1,trl_n_w_xx_6_9_0,trl_s_e_xx_6_3_2,trl_w_s_xx_9_6_3
trl_e_n_xx_3_6_3,trl_n_w_xx_6_9_2,trl_s_e_xx_6_3_0,trl_w_s_xx_9_6_1
trl_e_n_xx_3_10_0,trl_e_s_xx_9_2_2,trl_n_e_xx_2_3_1,trl_n_w_xx_10_9_3,trl_s_e_xx_2_3_1,trl_s_w_xx_10_9_3,trl_w_n_xx_3_10_0,trl_w_s_xx_9_2_2
trl_e_n_xx_3_10_1,trl_e_s_xx_9_2_3,trl_n_e_xx_2_3_2,trl_n_w_xx_10_9_0,trl_s_e_xx_2_3_2,trl_s_w_xx_10_9_0,trl_w_n_xx_3_10_1,trl_w_s_xx_9_2_3
trl_e_n_xx_3_10_2,trl_e_s_xx_9_2_0,trl_n_e_xx_2_3_3,trl_n_w_xx_10_9_1,trl_s_e_xx_2_3_3,trl_s_w_xx_10_9_1,trl_w_n_xx_3_10_2,trl_w_s_xx_9_2_0
trl_e_n_xx_3_10_3,trl_e_s_xx_9_2_1,trl_n_e_xx_2_3_0,trl_n_w_xx_10_9_2,trl_s_e_xx_2_3_0,trl_s_w_xx_10_9_2,trl_w_n_xx_3_10_3,trl_w_s_xx_9_2_1
trl_e_n_xx_4_2_0,trl_e_s_xx_8_10_2,trl_n_e_xx_10_4_1,trl_n_w_xx_2_8_3,trl_s_e_xx_10_4_1,trl_s_w_xx_2_8_3,trl_w_n_xx_4_2_0,trl_w_s_xx_8_10_2
trl_e_n_xx_4_2_1,trl_e_s_xx_8_10_3,trl_n_e_xx_10_4_2,trl_n_w_xx_2_8_0,trl_s_e_xx_10_4_2,trl_s_w_xx_2_8_0,trl_w_n_xx_4_2_1,trl_w_s_xx_8_10_3
trl_e_n_xx_4_2_2,trl_e_s_xx_8_10_0,trl_e_w_xx_2_8_1,trl_n_e_xx_10_4_3,trl_n_s_xx_8_10_0,trl_n_w_xx_2_8_1,trl_s_e_xx_10_4_3,trl_s_n_xx_4_2_2,trl_s_w_xx_2_8_1,trl_w_e_xx_10_4_3,trl_w_n_xx_4_2_2,trl_w_s_xx_8_10_0
trl_e_n_xx_4_2_3,trl_n_w_xx_2_8_2,trl_s_e_xx_10_4_0,trl_w_s_xx_8_10_1
trl_e_n_xx_4_6_0,trl_n_w_xx_6_8_3,trl_s_e_xx_6_4_1,trl_w_s_xx_8_6_2
trl_e_n_xx_4_6_1,trl_n_w_xx_6_8_0,trl_s_e_xx_6_4_2,trl_w_s_xx_8_6_3
trl_e_n_xx_4_6_2,trl_e_s_xx_8_6_0,trl_e_w_xx_6_8_1,trl_n_e_xx_6_4_3,trl_n_s_xx_8_6_0,trl_n_w_xx_6_8_1,trl_s_e_xx_6_4_3,trl_s_n_xx_4_6_2,trl_s_w_xx_6_8_1,trl_w_e_xx_6_4_3,trl_w_n_xx_4_6_2,trl_w_s_xx_8_6_0
trl_e_n_xx_4_6_3,trl_n_w_xx_6_8_2,trl_s_e_xx_6_4_0,trl_w_s_xx_8_6_1
trl_e_n_xx_4_10_0,trl_e_s_xx_8_2_2,trl_n_e_xx_2_4_1,trl_n_w_xx_10_8_3,trl_s_e_xx_2_4_1,trl_s_w_xx_10_8_3,trl_w_n_xx_4_10_0,trl_w_s_xx_8_2_2
trl_e_n_xx_4_10_1,trl_e_s_xx_8_2_3,trl_n_e_xx_2_4_2,trl_n_w_xx_10_8_0,trl_s_e_xx_2_4_2,trl_s_w_xx_10_8_0,trl_w_n_xx_4_10_1,trl_w_s_xx_8_2_3
trl_e_n_xx_4_10_2,trl_e_s_xx_8_2_0,trl_e_w_xx_10_8_1,trl_n_e_xx_2_4_3,trl_n_s_xx_8_2_0,trl_n_w_xx_10_8_1,trl_s_e_xx_2_4_3,trl_s_n_xx_4_10_2,trl_s_w_xx_10_8_1,trl_w_e_xx_2_4_3,trl_w_n_xx_4_10_2,trl_w_s_xx_8_2_0
trl_e_n_xx_4_10_3,trl_e_s_xx_8_2_1,trl_n_e_xx_2_4_0,trl_n_w_xx_10_8_2,trl_s_e_xx_2_4_0,trl_s_w_xx_10_8_2,trl_w_n_xx_4_10_3,trl_w_s_xx_8_2_1
trl_e_n_xx_5_6_0,trl_n_w_xx_6_7_3,trl_s_e_xx_6_5_1,trl_w_s_xx_7_6_2
trl_e_n_xx_5_6_1,trl_n_w_xx_6_7_0,trl_s_e_xx_6_5_2,trl_w_s_xx_7_6_3
trl_e_n_xx_5_6_2,trl_n_w_xx_6_7_1,trl_s_e_xx_6_5_3,trl_w_s_xx_7_6_0
trl_e_n_xx_5_6_3,trl_n_w_xx_6_7_2,trl_s_e_xx_6_5_0,trl_w_s_xx_7_6_1
trl_e_n_xx_6_6_0,trl_n_w_xx_6_6_3,trl_s_e_xx_6_6_1,trl_w_s_xx_6_6_2
trl_e_n_xx_6_6_1,trl_n_w_xx_6_6_0,trl_s_e_xx_6_6_2,trl_w_s_xx_6_6_3
trl_e_n_xx_6_6_2,trl_n_w_xx_6_6_1,trl_s_e_xx_6_6_3,trl_w_s_xx_6_6_0
trl_e_n_xx_6_6_3,trl_n_w_xx_6_6_2,trl_s_e_xx_6_6_0,trl_w_s_xx_6_6_1
trl_e_n_xx_6_7_0,trl_n_w_xx_7_6_3,trl_s_e_xx_5_6_1,trl_w_s_xx_6_5_2
trl_e_n_xx_6_7_1,trl_n_w_xx_7_6_0,trl_s_e_xx_5_6_2,trl_w_s_xx_6_5_3
trl_e_n_xx_6_7_2,trl_n_w_xx_7_6_1,trl_s_e_xx_5_6_3,trl_w_s_xx_6_5_0
trl_e_n_xx_6_7_3,trl_n_w_xx_7_6_2,trl_s_e_xx_5_6_0,trl_w_s_xx_6_5_1
trl_e_n_xx_6_8_0,trl_n_w_xx_8_6_3,trl_s_e_xx_4_6_1,trl_w_s_xx_6_4_2
trl_e_n_xx_6_8_1,trl_n_w_xx_8_6_0,trl_s_e_xx_4_6_2,trl_w_s_xx_6_4_3
trl_e_n_xx_6_8_2,trl_n_w_xx_8_6_1,trl_s_e_xx_4_6_3,trl_w_s_xx_6_4_0
trl_e_n_xx_6_8_3,trl_n_w_xx_8_6_2,trl_s_e_xx_4_6_0,trl_w_s_xx_6_4_1
trl_e_n_xx_6_9_0,trl_n_w_xx_9_6_3,trl_s_e_xx_3_6_1,trl_w_s_xx_6_3_2
trl_e_n_xx_6_9_1,trl_n_w_xx_9_6_0,trl_s_e_xx_3_6_2,trl_w_s_xx_6_3_3
trl_e_n_xx_6_9_3,trl_n_w_xx_9_6_2,trl_s_e_xx_3_6_0,trl_w_s_xx_6_3_1
trl_e_n_xx_6_10_0,trl_n_w_xx_10_6_3,trl_s_e_xx_2_6_1,trl_w_s_xx_6_2_2
trl_e_n_xx_6_10_1,trl_n_w_xx_10_6_0,trl_s_e_xx_2_6_2,trl_w_s_xx_6_2_3
trl_e_n_xx_6_10_2,trl_n_w_xx_10_6_1,trl_s_e_xx_2_6_3,trl_w_s_xx_6_2_0
trl_e_n_xx_6_10_3,trl_n_w_xx_10_6_2,trl_s_e_xx_2_6_0,trl_w_s_xx_6_2_1
trl_e_n_xx_7_6_0,trl_n_w_xx_6_5_3,trl_s_e_xx_6_7_1,trl_w_s_xx_5_6_2
trl_e_n_xx_7_6_1,trl_n_w_xx_6_5_0,trl_s_e_xx_6_7_2,trl_w_s_xx_5_6_3
trl_e_n_xx_7_6_2,trl_n_w_xx_6_5_1,trl_s_e_xx_6_7_3,trl_w_s_xx_5_6_0
trl_e_n_xx_7_6_3,trl_n_w_xx_6_5_2,trl_s_e_xx_6_7_0,trl_w_s_xx_5_6_1
trl_e_n_xx_8_2_1,trl_e_s_xx_4_10_3,trl_n_e_xx_10_8_2,trl_n_w_xx_2_4_0,trl_s_e_xx_10_8_2,trl_s_w_xx_2_4_0,trl_w_n_xx_8_2_1,trl_w_s_xx_4_10_3
trl_e_n_xx_8_2_2,trl_e_s_xx_4_10_0,trl_n_e_xx_10_8_3,trl_n_w_xx_2_4_1,trl_s_e_xx_10_8_3,trl_s_w_xx_2_4_1,trl_w_n_xx_8_2_2,trl_w_s_xx_4_10_0
trl_e_n_xx_8_2_3,trl_e_s_xx_4_10_1,trl_n_e_xx_10_8_0,trl_n_w_xx_2_4_2,trl_s_e_xx_10_8_0,trl_s_w_xx_2_4_2,trl_w_n_xx_8_2_3,trl_w_s_xx_4_10_1
trl_e_n_xx_8_6_0,trl_n_w_xx_6_4_3,trl_s_e_xx_6_8_1,trl_w_s_xx_4_6_2
trl_e_n_xx_8_6_1,trl_e_s_xx_4_6_3,trl_n_e_xx_6_8_2,trl_n_w_xx_6_4_0,trl_s_e_xx_6_8_2,trl_s_w_xx_6_4_0,trl_w_n_xx_8_6_1,trl_w_s_xx_4_6_3
trl_e_n_xx_8_6_2,trl_e_s_xx_4_6_0,trl_n_e_xx_6_8_3,trl_n_w_xx_6_4_1,trl_s_e_xx_6_8_3,trl_s_w_xx_6_4_1,trl_w_n_xx_8_6_2,trl_w_s_xx_4_6_0
trl_e_n_xx_8_6_3,trl_n_w_xx_6_4_2,trl_s_e_xx_6_8_0,trl_w_s_xx_4_6_1
trl_e_n_xx_8_10_1,trl_e_s_xx_4_2_3,trl_n_e_xx_2_8_2,trl_n_w_xx_10_4_0,trl_s_e_xx_2_8_2,trl_s_w_xx_10_4_0,trl_w_n_xx_8_10_1,trl_w_s_xx_4_2_3
trl_e_n_xx_8_10_2,trl_e_s_xx_4_2_0,trl_n_e_xx_2_8_3,trl_n_w_xx_10_4_1,trl_s_e_xx_2_8_3,trl_s_w_xx_10_4_1,trl_w_n_xx_8_10_2,trl_w_s_xx_4_2_0
trl_e_n_xx_8_10_3,trl_e_s_xx_4_2_1,trl_n_e_xx_2_8_0,trl_n_w_xx_10_4_2,trl_s_e_xx_2_8_0,trl_s_w_xx_10_4_2,trl_w_n_xx_8_10_3,trl_w_s_xx_4_2_1
trl_e_n_xx_9_2_1,trl_n_w_xx_2_3_0,trl_s_e_xx_10_9_2,trl_w_s_xx_3_10_3
trl_e_n_xx_9_2_2,trl_e_s_xx_3_10_0,trl_n_e_xx_10_9_3,trl_n_w_xx_2_3_1,trl_s_e_xx_10_9_3,trl_s_w_xx_2_3_1,trl_w_n_xx_9_2_2,trl_w_s_xx_3_10_0
trl_e_n_xx_9_2_3,trl_e_s_xx_3_10_1,trl_n_e_xx_10_9_0,trl_n_w_xx_2_3_2,trl_s_e_xx_10_9_0,trl_s_w_xx_2_3_2,trl_w_n_xx_9_2_3,trl_w_s_xx_3_10_1
trl_e_n_xx_9_6_0,trl_e_s_xx_3_6_2,trl_n_e_xx_6_9_1,trl_n_w_xx_6_3_3,trl_s_e_xx_6_9_1,trl_s_w_xx_6_3_3,trl_w_n_xx_9_6_0,trl_w_s_xx_3_6_2
trl_e_n_xx_9_6_1,trl_n_w_xx_6_3_0,trl_s_e_xx_6_9_2,trl_w_s_xx_3_6_3
trl_e_n_xx_9_6_2,trl_e_s_xx_3_6_0,trl_n_e_xx_6_9_3,trl_n_w_xx_6_3_1,trl_s_e_xx_6_9_3,trl_s_w_xx_6_3_1,trl_w_n_xx_9_6_2,trl_w_s_xx_3_6_0
trl_e_n_xx_9_6_3,trl_n_w_xx_6_3_2,trl_s_e_xx_6_9_0,trl_w_s_xx_3_6_1
trl_e_n_xx_9_10_1,trl_e_s_xx_3_2_3,trl_n_e_xx_2_9_2,trl_n_w_xx_10_3_0,trl_s_e_xx_2_9_2,trl_s_w_xx_10_3_0,trl_w_n_xx_9_10_1,trl_w_s_xx_3_2_3
trl_e_n_xx_9_10_2,trl_n_w_xx_10_3_1,trl_s_e_xx_2_9_3,trl_w_s_xx_3_2_0
trl_e_n_xx_9_10_3,trl_e_s_xx_3_2_1,trl_n_e_xx_2_9_0,trl_n_w_xx_10_3_2,trl_s_e_xx_2_9_0,trl_s_w_xx_10_3_2,trl_w_n_xx_9_10_3,trl_w_s_xx_3_2_1
trl_e_n_xx_10_2_0,trl_e_s_xx_2_10_2,trl_n_e_xx_10_10_1,trl_n_w_xx_2_2_3,trl_s_e_xx_10_10_1,trl_s_w_xx_2_2_3,trl_w_n_xx_10_2_0,trl_w_s_xx_2_10_2
trl_e_n_xx_10_2_1,trl_e_s_xx_2_10_3,trl_n_e_xx_10_10_2,trl_n_w_xx_2_2_0,trl_s_e_xx_10_10_2,trl_s_w_xx_2_2_0,trl_w_n_xx_10_2_1,trl_w_s_xx_2_10_3
trl_e_n_xx_10_2_2,trl_e_s_xx_2_10_0,trl_n_e_xx_10_10_3,trl_n_w_xx_2_2_1,trl_s_e_xx_10_10_3,trl_s_w_xx_2_2_1,trl_w_n_xx_10_2_2,trl_w_s_xx_2_10_0
trl_e_n_xx_10_2_3,trl_e_s_xx_2_10_1,trl_n_e_xx_10_10_0,trl_n_w_xx_2_2_2,trl_s_e_xx_10_10_0,trl_s_w_xx_2_2_2,trl_w_n_xx_10_2_3,trl_w_s_xx_2_10_1
trl_e_n_xx_10_3_0,trl_n_w_xx_3_2_3,trl_s_e_xx_9_10_1,trl_w_s_xx_2_9_2
trl_e_n_xx_10_3_1,trl_n_w_xx_3_2_0,trl_s_e_xx_9_10_2,trl_w_s_xx_2_9_3
trl_e_n_xx_10_3_2,trl_e_s_xx_2_9_0,trl_n_e_xx_9_10_3,trl_n_w_xx_3_2_1,trl_s_e_xx_9_10_3,trl_s_w_xx_3_2_1,trl_w_n_xx_10_3_2,trl_w_s_xx_2_9_0
trl_e_n_xx_10_4_0,trl_n_w_xx_4_2_3,trl_s_e_xx_8_10_1,trl_w_s_xx_2_8_2
trl_e_n_xx_10_4_1,trl_n_w_xx_4_2_0,trl_s_e_xx_8_10_2,trl_w_s_xx_2_8_3
trl_e_n_xx_10_4_2,trl_n_w_xx_4_2_1,trl_s_e_xx_8_10_3,trl_w_s_xx_2_8_0
trl_e_n_xx_10_4_3,trl_n_w_xx_4_2_2,trl_s_e_xx_8_10_0,trl_w_s_xx_2_8_1
trl_e_n_xx_10_5_0,trl_e_s_xx_2_7_2,trl_n_e_xx_7_10_1,trl_n_w_xx_5_2_3,trl_s_e_xx_7_10_1,trl_s_w_xx_5_2_3,trl_w_n_xx_10_5_0,trl_w_s_xx_2_7_2
trl_e_n_xx_10_5_1,trl_n_w_xx_5_2_0,trl_s_e_xx_7_10_2,trl_w_s_xx_2_7_3
trl_e_n_xx_10_5_2,trl_n_w_xx_5_2_1,trl_s_e_xx_7_10_3,trl_w_s_xx_2_7_0
trl_e_n_xx_10_5_3,trl_n_w_xx_5_2_2,trl_s_e_xx_7_10_0,trl_w_s_xx_2_7_1
trl_e_n_xx_10_6_0,trl_e_s_xx_2_6_2,trl_n_e_xx_6_10_1,trl_n_w_xx_6_2_3,trl_s_e_xx_6_10_1,trl_s_w_xx_6_2_3,trl_w_n_xx_10_6_0,trl_w_s_xx_2_6_2
trl_e_n_xx_10_6_1,trl_e_s_xx_2_6_3,trl_n_e_xx_6_10_2,trl_n_w_xx_6_2_0,trl_s_e_xx_6_10_2,trl_s_w_xx_6_2_0,trl_w_n_xx_10_6_1,trl_w_s_xx_2_6_3
trl_e_n_xx_10_6_2,trl_e_s_xx_2_6_0,trl_n_e_xx_6_10_3,trl_n_w_xx_6_2_1,trl_s_e_xx_6_10_3,trl_s_w_xx_6_2_1,trl_w_n_xx_10_6_2,trl_w_s_xx_2_6_0
trl_e_n_xx_10_6_3,trl_e_s_xx_2_6_1,trl_n_e_xx_6_10_0,trl_n_w_xx_6_2_2,trl_s_e_xx_6_10_0,trl_s_w_xx_6_2_2,trl_w_n_xx_10_6_3,trl_w_s_xx_2_6_1
trl_e_n_xx_10_7_0,trl_e_s_xx_2_5_2,trl_n_e_xx_5_10_1,trl_n_w_xx_7_2_3,trl_s_e_xx_5_10_1,trl_s_w_xx_7_2_3,trl_w_n_xx_10_7_0,trl_w_s_xx_2_5_2
trl_e_n_xx_10_7_1,trl_n_w_xx_7_2_0,trl_s_e_xx_5_10_2,trl_w_s_xx_2_5_3
trl_e_n_xx_10_7_2,trl_n_w_xx_7_2_1,trl_s_e_xx_5_10_3,trl_w_s_xx_2_5_0
trl_e_n_xx_10_7_3,trl_n_w_xx_7_2_2,trl_s_e_xx_5_10_0,trl_w_s_xx_2_5_1
trl_e_n_xx_10_8_0,trl_n_w_xx_8_2_3,trl_s_e_xx_4_10_1,trl_w_s_xx_2_4_2
trl_e_n_xx_10_8_1,trl_n_w_xx_8_2_0,trl_s_e_xx_4_10_2,trl_w_s_xx_2_4_3
trl_e_n_xx_10_8_2,trl_n_w_xx_8_2_1,trl_s_e_xx_4_10_3,trl_w_s_xx_2_4_0
trl_e_n_xx_10_8_3,trl_n_w_xx_8_2_2,trl_s_e_xx_4_10_0,trl_w_s_xx_2_4_1
trl_e_n_xx_10_9_0,trl_e_s_xx_2_3_2,trl_n_e_xx_3_10_1,trl_n_w_xx_9_2_3,trl_s_e_xx_3_10_1,trl_s_w_xx_9_2_3,trl_w_n_xx_10_9_0,trl_w_s_xx_2_3_2
trl_e_n_xx_10_9_2,trl_e_s_xx_2_3_0,trl_n_e_xx_3_10_3,trl_n_w_xx_9_2_1,trl_s_e_xx_3_10_3,trl_s_w_xx_9_2_1,trl_w_n_xx_10_9_2,trl_w_s_xx_2_3_0
trl_e_n_xx_10_9_3,trl_e_s_xx_2_3_1,trl_n_e_xx_3_10_0,trl_n_w_xx_9_2_2,trl_s_e_xx_3_10_0,trl_s_w_xx_9_2_2,trl_w_n_xx_10_9_3,trl_w_s_xx_2_3_1
trl_e_n_xx_10_10_0,trl_e_s_xx_2_2_2,trl_n_e_xx_2_10_1,trl_n_w_xx_10_2_3,trl_s_e_xx_2_10_1,trl_s_w_xx_10_2_3,trl_w_n_xx_10_10_0,trl_w_s_xx_2_2_2
trl_e_n_xx_10_10_1,trl_e_s_xx_2_2_3,trl_n_e_xx_2_10_2,trl_n_w_xx_10_2_0,trl_s_e_xx_2_10_2,trl_s_w_xx_10_2_0,trl_w_n_xx_10_10_1,trl_w_s_xx_2_2_3
trl_e_n_xx_10_10_2,trl_n_w_xx_10_2_1,trl_s_e_xx_2_10_3,trl_w_s_xx_2_2_0
trl_e_n_xx_10_10_3,trl_n_w_xx_10_2_2,trl_s_e_xx_2_10_0,trl_w_s_xx_2_2_1
trl_e_n_xx_11_1_2,trl_e_s_xx_1_11_0,trl_n_e_xx_11_11_3,trl_n_w_xx_1_1_1,trl_s_e_xx_11_11_3,trl_s_w_xx_1_1_1,trl_w_n_xx_11_1_2,trl_w_s_xx_1_11_0
trl_e_n_xx_11_1_3,trl_e_s_xx_1_11_1,trl_n_e_xx_11_11_0,trl_n_w_xx_1_1_2,trl_s_e_xx_11_11_0,trl_s_w_xx_1_1_2,trl_w_n_xx_11_1_3,trl_w_s_xx_1_11_1
trl_e_n_xx_11_11_2,trl_e_s_xx_1_1_0,trl_n_e_xx_1_11_3,trl_n_w_xx_11_1_1,trl_s_e_xx_1_11_3,trl_s_w_xx_11_1_1,trl_w_n_xx_11_11_2,trl_w_s_xx_1_1_0
trl_e_n_xx_11_11_3,trl_e_s_xx_1_1_1,trl_n_e_xx_1_11_0,trl_n_w_xx_11_1_2,trl_s_e_xx_1_11_0,trl_s_w_xx_11_1_2,trl_w_n_xx_11_11_3,trl_w_s_xx_1_1_1
trl_e_s_xx_2_2_0,trl_n_e_xx_2_10_3,trl_s_w_xx_10_2_1,trl_w_n_xx_10_10_2
trl_e_s_xx_2_2_1,trl_n_e_xx_2_10_0,trl_s_w_xx_10_2_2,trl_w_n_xx_10_10_3
trl_e_s_xx_2_4_0,trl_n_e_xx_4_10_3,trl_s_w_xx_8_2_1,trl_w_n_xx_10_8_2
trl_e_s_xx_2_4_1,trl_n_e_xx_4_10_0,trl_s_w_xx_8_2_2,trl_w_n_xx_10_8_3
trl_e_s_xx_2_4_2,trl_n_e_xx_4_10_1,trl_s_w_xx_8_2_3,trl_w_n_xx_10_8_0
trl_e_s_xx_2_4_3,trl_n_e_xx_4_10_2,trl_s_w_xx_8_2_0,trl_w_n_xx_10_8_1
trl_e_s_xx_2_5_0,trl_n_e_xx_5_10_3,trl_s_w_xx_7_2_1,trl_w_n_xx_10_7_2
trl_e_s_xx_2_5_1,trl_n_e_xx_5_10_0,trl_s_w_xx_7_2_2,trl_w_n_xx_10_7_3
trl_e_s_xx_2_5_3,trl_n_e_xx_5_10_2,trl_s_w_xx_7_2_0,trl_w_n_xx_10_7_1
trl_e_s_xx_2_7_0,trl_n_e_xx_7_10_3,trl_s_w_xx_5_2_1,trl_w_n_xx_10_5_2
trl_e_s_xx_2_7_1,trl_n_e_xx_7_10_0,trl_s_w_xx_5_2_2,trl_w_n_xx_10_5_3
trl_e_s_xx_2_7_3,trl_n_e_xx_7_10_2,trl_s_w_xx_5_2_0,trl_w_n_xx_10_5_1
trl_e_s_xx_2_8_0,trl_n_e_xx_8_10_3,trl_s_w_xx_4_2_1,trl_w_n_xx_10_4_2
trl_e_s_xx_2_8_1,trl_n_e_xx_8_10_0,trl_s_w_xx_4_2_2,trl_w_n_xx_10_4_3
trl_e_s_xx_2_8_2,trl_n_e_xx_8_10_1,trl_s_w_xx_4_2_3,trl_w_n_xx_10_4_0
trl_e_s_xx_2_8_3,trl_n_e_xx_8_10_2,trl_s_w_xx_4_2_0,trl_w_n_xx_10_4_1
trl_e_s_xx_2_9_2,trl_n_e_xx_9_10_1,trl_s_w_xx_3_2_3,trl_w_n_xx_10_3_0
trl_e_s_xx_2_9_3,trl_n_e_xx_9_10_2,trl_s_w_xx_3_2_0,trl_w_n_xx_10_3_1
trl_e_s_xx_3_2_0,trl_n_e_xx_2_9_3,trl_s_w_xx_10_3_1,trl_w_n_xx_9_10_2
trl_e_s_xx_3_6_1,trl_n_e_xx_6_9_0,trl_s_w_xx_6_3_2,trl_w_n_xx_9_6_3
trl_e_s_xx_3_6_3,trl_n_e_xx_6_9_2,trl_s_w_xx_6_3_0,trl_w_n_xx_9_6_1
trl_e_s_xx_3_10_3,trl_n_e_xx_10_9_2,trl_s_w_xx_2_3_0,trl_w_n_xx_9_2_1
trl_e_s_xx_4_6_1,trl_n_e_xx_6_8_0,trl_s_w_xx_6_4_2,trl_w_n_xx_8_6_3
trl_e_s_xx_4_6_2,trl_n_e_xx_6_8_1,trl_s_w_xx_6_4_3,trl_w_n_xx_8_6_0
trl_e_s_xx_5_6_0,trl_n_e_xx_6_7_3,trl_s_w_xx_6_5_1,trl_w_n_xx_7_6_2
trl_e_s_xx_5_6_1,trl_n_e_xx_6_7_0,trl_s_w_xx_6_5_2,trl_w_n_xx_7_6_3
trl_e_s_xx_5_6_2,trl_n_e_xx_6_7_1,trl_s_w_xx_6_5_3,trl_w_n_xx_7_6_0
trl_e_s_xx_5_6_3,trl_n_e_xx_6_7_2,trl_s_w_xx_6_5_0,trl_w_n_xx_7_6_1
trl_e_s_xx_6_6_0,trl_n_e_xx_6_6_3,trl_s_w_xx_6_6_1,trl_w_n_xx_6_6_2
trl_e_s_xx_6_6_1,trl_n_e_xx_6_6_0,trl_s_w_xx_6_6_2,trl_w_n_xx_6_6_3
trl_e_s_xx_6_6_2,trl_n_e_xx_6_6_1,trl_s_w_xx_6_6_3,trl_w_n_xx_6_6_0
trl_e_s_xx_6_6_3,trl_n_e_xx_6_6_2,trl_s_w_xx_6_6_0,trl_w_n_xx_6_6_1
trl_e_s_xx_6_7_0,trl_n_e_xx_7_6_3,trl_s_w_xx_5_6_1,trl_w_n_xx_6_5_2
trl_e_s_xx_6_7_1,trl_n_e_xx_7_6_0,trl_s_w_xx_5_6_2,trl_w_n_xx_6_5_3
trl_e_s_xx_6_7_2,trl_n_e_xx_7_6_1,trl_s_w_xx_5_6_3,trl_w_n_xx_6_5_0
trl_e_s_xx_6_7_3,trl_n_e_xx_7_6_2,trl_s_w_xx_5_6_0,trl_w_n_xx_6_5_1
trl_e_s_xx_6_8_0,trl_n_e_xx_8_6_3,trl_s_w_xx_4_6_1,trl_w_n_xx_6_4_2
trl_e_s_xx_6_8_1,trl_n_e_xx_8_6_0,trl_s_w_xx_4_6_2,trl_w_n_xx_6_4_3
trl_e_s_xx_6_8_2,trl_n_e_xx_8_6_1,trl_s_w_xx_4_6_3,trl_w_n_xx_6_4_0
trl_e_s_xx_6_8_3,trl_n_e_xx_8_6_2,trl_s_w_xx_4_6_0,trl_w_n_xx_6_4_1
trl_e_s_xx_6_9_1,trl_n_e_xx_9_6_0,trl_s_w_xx_3_6_2,trl_w_n_xx_6_3_3
trl_e_s_xx_6_9_2,trl_n_e_xx_9_6_1,trl_s_w_xx_3_6_3,trl_w_n_xx_6_3_0
trl_e_s_xx_6_9_3,trl_n_e_xx_9_6_2,trl_s_w_xx_3_6_0,trl_w_n_xx_6_3_1
trl_e_s_xx_6_10_0,trl_n_e_xx_10_6_3,trl_s_w_xx_2_6_1,trl_w_n_xx_6_2_2
trl_e_s_xx_6_10_1,trl_n_e_xx_10_6_0,trl_s_w_xx_2_6_2,trl_w_n_xx_6_2_3
trl_e_s_xx_6_10_2,trl_n_e_xx_10_6_1,trl_s_w_xx_2_6_3,trl_w_n_xx_6_2_0
trl_e_s_xx_6_10_3,trl_n_e_xx_10_6_2,trl_s_w_xx_2_6_0,trl_w_n_xx_6_2_1
trl_e_s_xx_7_6_0,trl_n_e_xx_6_5_3,trl_s_w_xx_6_7_1,trl_w_n_xx_5_6_2
trl_e_s_xx_7_6_1,trl_n_e_xx_6_5_0,trl_s_w_xx_6_7_2,trl_w_n_xx_5_6_3
trl_e_s_xx_7_6_2,trl_n_e_xx_6_5_1,trl_s_w_xx_6_7_3,trl_w_n_xx_5_6_0
trl_e_s_xx_7_6_3,trl_n_e_xx_6_5_2,trl_s_w_xx_6_7_0,trl_w_n_xx_5_6_1
trl_e_s_xx_8_6_1,trl_n_e_xx_6_4_0,trl_s_w_xx_6_8_2,trl_w_n_xx_4_6_3
trl_e_s_xx_8_6_2,trl_n_e_xx_6_4_1,trl_s_w_xx_6_8_3,trl_w_n_xx_4_6_0
trl_e_s_xx_8_6_3,trl_n_e_xx_6_4_2,trl_s_w_xx_6_8_0,trl_w_n_xx_4_6_1
trl_e_s_xx_8_10_1,trl_n_e_xx_10_4_0,trl_s_w_xx_2_8_2,trl_w_n_xx_4_2_3
trl_e_s_xx_9_6_0,trl_e_w_xx_6_9_1,trl_n_e_xx_6_3_3,trl_n_s_xx_9_6_0,trl_s_n_xx_3_6_2,trl_s_w_xx_6_9_1,trl_w_e_xx_6_3_3,trl_w_n_xx_3_6_2
trl_e_s_xx_9_6_1,trl_n_e_xx_6_3_0,trl_s_w_xx_6_9_2,trl_w_n_xx_3_6_3
trl_e_s_xx_9_6_2,trl_n_e_xx_6_3_1,trl_s_w_xx_6_9_3,trl_w_n_xx_3_6_0
trl_e_s_xx_9_6_3,trl_n_e_xx_6_3_2,trl_s_w_xx_6_9_0,trl_w_n_xx_3_6_1
trl_e_s_xx_9_10_2,trl_n_e_xx_10_3_1,trl_s_w_xx_2_9_3,trl_w_n_xx_3_2_0
trl_e_s_xx_10_2_1,trl_n_e_xx_2_2_0,trl_s_w_xx_10_10_2,trl_w_n_xx_2_10_3
trl_e_s_xx_10_2_2,trl_n_e_xx_2_2_1,trl_s_w_xx_10_10_3,trl_w_n_xx_2_10_0
trl_e_s_xx_10_2_3,trl_n_e_xx_2_2_2,trl_s_w_xx_10_10_0,trl_w_n_xx_2_10_1
trl_e_s_xx_10_4_2,trl_n_e_xx_4_2_1,trl_s_w_xx_8_10_3,trl_w_n_xx_2_8_0
trl_e_s_xx_10_4_3,trl_n_e_xx_4_2_2,trl_s_w_xx_8_10_0,trl_w_n_xx_2_8_1
trl_e_s_xx_10_5_1,trl_n_e_xx_5_2_0,trl_s_w_xx_7_10_2,trl_w_n_xx_2_7_3
trl_e_s_xx_10_5_2,trl_n_e_xx_5_2_1,trl_s_w_xx_7_10_3,trl_w_n_xx_2_7_0
trl_e_s_xx_10_5_3,trl_n_e_xx_5_2_2,trl_s_w_xx_7_10_0,trl_w_n_xx_2_7_1
trl_e_s_xx_10_6_1,trl_n_e_xx_6_2_0,trl_s_w_xx_6_10_2,trl_w_n_xx_2_6_3
trl_e_s_xx_10_6_2,trl_n_e_xx_6_2_1,trl_s_w_xx_6_10_3,trl_w_n_xx_2_6_0
trl_e_s_xx_10_6_3,trl_n_e_xx_6_2_2,trl_s_w_xx_6_10_0,trl_w_n_xx_2_6_1
trl_e_s_xx_10_7_1,trl_n_e_xx_7_2_0,trl_s_w_xx_5_10_2,trl_w_n_xx_2_5_3
trl_e_s_xx_10_7_2,trl_n_e_xx_7_2_1,trl_s_w_xx_5_10_3,trl_w_n_xx_2_5_0
trl_e_s_xx_10_7_3,trl_n_e_xx_7_2_2,trl_s_w_xx_5_10_0,trl_w_n_xx_2_5_1
trl_e_s_xx_10_8_1,trl_n_e_xx_8_2_0,trl_s_w_xx_4_10_2,trl_w_n_xx_2_4_3
trl_e_s_xx_10_8_2,trl_n_e_xx_8_2_1,trl_s_w_xx_4_10_3,trl_w_n_xx_2_4_0
trl_e_s_xx_10_8_3,trl_n_e_xx_8_2_2,trl_s_w_xx_4_10_0,trl_w_n_xx_2_4_1
trl_e_s_xx_10_9_1,trl_n_e_xx_9_2_0,trl_s_w_xx_3_10_2,trl_w_n_xx_2_3_3
trl_e_s_xx_10_9_3,trl_n_e_xx_9_2_2,trl_s_w_xx_3_10_0,trl_w_n_xx_2_3_1
trl_e_s_xx_11_1_1,trl_n_e_xx_1_1_0,trl_s_w_xx_11_11_2,trl_w_n_xx_1_11_3
trl_e_s_xx_11_1_2,trl_n_e_xx_1_1_1,trl_s_w_xx_11_11_3,trl_w_n_xx_1_11_0
trl_e_s_xx_11_1_3,trl_n_e_xx_1_1_2,trl_s_w_xx_11_11_0,trl_w_n_xx_1_11_1
trl_e_s_xx_11_11_0,trl_n_e_xx_11_1_3,trl_s_w_xx_1_11_1,trl_w_n_xx_1_1_2
trl_e_s_xx_11_11_3,trl_n_e_xx_11_1_2,trl_s_w_xx_1_11_0,trl_w_n_xx_1_1_1
trl_e_w_xx_1_11_0,trl_n_s_xx_11_11_3,trl_s_n_xx_1_1_1,trl_w_e_xx_11_1_2
trl_e_w_xx_1_11_1,trl_n_s_xx_11_11_0,trl_s_n_xx_1_1_2,trl_w_e_xx_11_1_3
trl_e_w_xx_1_11_3,trl_n_s_xx_11_11_2,trl_s_n_xx_1_1_0,trl_w_e_xx_11_1_1
trl_e_w_xx_2_2_0,trl_n_s_xx_2_10_3,trl_s_n_xx_10_2_1,trl_w_e_xx_10_10_2
trl_e_w_xx_2_2_1,trl_n_s_xx_2_10_0,trl_s_n_xx_10_2_2,trl_w_e_xx_10_10_3
trl_e_w_xx_2_2_3,trl_n_s_xx_2_10_2,trl_s_n_xx_10_2_0,trl_w_e_xx_10_10_1
trl_e_w_xx_2_3_0,trl_n_s_xx_3_10_3,trl_s_n_xx_9_2_1,trl_w_e_xx_10_9_2
trl_e_w_xx_2_3_1,trl_n_s_xx_3_10_0,trl_s_n_xx_9_2_2,trl_w_e_xx_10_9_3
trl_e_w_xx_2_4_0,trl_n_s_xx_4_10_3,trl_s_n_xx_8_2_1,trl_w_e_xx_10_8_2
trl_e_w_xx_2_4_3,trl_n_s_xx_4_10_2,trl_s_n_xx_8_2_0,trl_w_e_xx_10_8_1
trl_e_w_xx_2_5_0,trl_n_s_xx_5_10_3,trl_s_n_xx_7_2_1,trl_w_e_xx_10_7_2
trl_e_w_xx_2_5_1,trl_n_s_xx_5_10_0,trl_s_n_xx_7_2_2,trl_w_e_xx_10_7_3
trl_e_w_xx_2_6_0,trl_n_s_xx_6_10_3,trl_s_n_xx_6_2_1,trl_w_e_xx_10_6_2
trl_e_w_xx_2_6_3,trl_n_s_xx_6_10_2,trl_s_n_xx_6_2_0,trl_w_e_xx_10_6_1
trl_e_w_xx_2_7_0,trl_n_s_xx_7_10_3,trl_s_n_xx_5_2_1,trl_w_e_xx_10_5_2
trl_e_w_xx_2_7_2,trl_n_s_xx_7_10_1,trl_s_n_xx_5_2_3,trl_w_e_xx_10_5_0
trl_e_w_xx_2_7_3,trl_n_s_xx_7_10_2,trl_s_n_xx_5_2_0,trl_w_e_xx_10_5_1
trl_e_w_xx_2_8_0,trl_n_s_xx_8_10_3,trl_s_n_xx_4_2_1,trl_w_e_xx_10_4_2
trl_e_w_xx_2_8_2,trl_n_s_xx_8_10_1,trl_s_n_xx_4_2_3,trl_w_e_xx_10_4_0
trl_e_w_xx_2_8_3,trl_n_s_xx_8_10_2,trl_s_n_xx_4_2_0,trl_w_e_xx_10_4_1
trl_e_w_xx_2_9_0,trl_n_s_xx_9_10_3,trl_s_n_xx_3_2_1,trl_w_e_xx_10_3_2
trl_e_w_xx_2_9_2,trl_n_s_xx_9_10_1,trl_s_n_xx_3_2_3,trl_w_e_xx_10_3_0
trl_e_w_xx_2_9_3,trl_n_s_xx_9_10_2,trl_s_n_xx_3_2_0,trl_w_e_xx_10_3_1
trl_e_w_xx_2_10_0,trl_n_s_xx_10_10_3,trl_s_n_xx_2_2_1,trl_w_e_xx_10_2_2
trl_e_w_xx_2_10_3,trl_n_s_xx_10_10_2,trl_s_n_xx_2_2_0,trl_w_e_xx_10_2_1
trl_e_w_xx_3_2_3,trl_n_s_xx_2_9_2,trl_s_n_xx_10_3_0,trl_w_e_xx_9_10_1
trl_e_w_xx_3_6_0,trl_n_s_xx_6_9_3,trl_s_n_xx_6_3_1,trl_w_e_xx_9_6_2
trl_e_w_xx_3_6_1,trl_n_s_xx_6_9_0,trl_s_n_xx_6_3_2,trl_w_e_xx_9_6_3
trl_e_w_xx_3_6_2,trl_n_s_xx_6_9_1,trl_s_n_xx_6_3_3,trl_w_e_xx_9_6_0
trl_e_w_xx_3_6_3,trl_n_s_xx_6_9_2,trl_s_n_xx_6_3_0,trl_w_e_xx_9_6_1
trl_e_w_xx_3_10_0,trl_n_s_xx_10_9_3,trl_s_n_xx_2_3_1,trl_w_e_xx_9_2_2
trl_e_w_xx_3_10_2,trl_n_s_xx_10_9_1,trl_s_n_xx_2_3_3,trl_w_e_xx_9_2_0
trl_e_w_xx_3_10_3,trl_n_s_xx_10_9_2,trl_s_n_xx_2_3_0,trl_w_e_xx_9_2_1
trl_e_w_xx_4_2_0,trl_n_s_xx_2_8_3,trl_s_n_xx_10_4_1,trl_w_e_xx_8_10_2
trl_e_w_xx_4_2_1,trl_n_s_xx_2_8_0,trl_s_n_xx_10_4_2,trl_w_e_xx_8_10_3
trl_e_w_xx_4_2_2,trl_n_s_xx_2_8_1,trl_s_n_xx_10_4_3,trl_w_e_xx_8_10_0
trl_e_w_xx_4_6_0,trl_n_s_xx_6_8_3,trl_s_n_xx_6_4_1,trl_w_e_xx_8_6_2
trl_e_w_xx_4_6_3,trl_n_s_xx_6_8_2,trl_s_n_xx_6_4_0,trl_w_e_xx_8_6_1
trl_e_w_xx_4_10_0,trl_n_s_xx_10_8_3,trl_s_n_xx_2_4_1,trl_w_e_xx_8_2_2
trl_e_w_xx_4_10_2,trl_n_s_xx_10_8_1,trl_s_n_xx_2_4_3,trl_w_e_xx_8_2_0
trl_e_w_xx_4_10_3,trl_n_s_xx_10_8_2,trl_s_n_xx_2_4_0,trl_w_e_xx_8_2_1
trl_e_w_xx_5_6_0,trl_n_s_xx_6_7_3,trl_s_n_xx_6_5_1,trl_w_e_xx_7_6_2
trl_e_w_xx_5_6_1,trl_n_s_xx_6_7_0,trl_s_n_xx_6_5_2,trl_w_e_xx_7_6_3
trl_e_w_xx_5_6_2,trl_n_s_xx_6_7_1,trl_s_n_xx_6_5_3,trl_w_e_xx_7_6_0
trl_e_w_xx_5_6_3,trl_n_s_xx_6_7_2,trl_s_n_xx_6_5_0,trl_w_e_xx_7_6_1
trl_e_w_xx_6_6_0,trl_n_s_xx_6_6_3,trl_s_n_xx_6_6_1,trl_w_e_xx_6_6_2
trl_e_w_xx_6_6_1,trl_n_s_xx_6_6_0,trl_s_n_xx_6_6_2,trl_w_e_xx_6_6_3
trl_e_w_xx_6_6_2,trl_n_s_xx_6_6_1,trl_s_n_xx_6_6_3,trl_w_e_xx_6_6_0
trl_e_w_xx_6_6_3,trl_n_s_xx_6_6_2,trl_s_n_xx_6_6_0,trl_w_e_xx_6_6_1
trl_e_w_xx_6_7_0,trl_n_s_xx_7_6_3,trl_s_n_xx_5_6_1,trl_w_e_xx_6_5_2
trl_e_w_xx_6_7_1,trl_n_s_xx_7_6_0,trl_s_n_xx_5_6_2,trl_w_e_xx_6_5_3
trl_e_w_xx_6_7_2,trl_n_s_xx_7_6_1,trl_s_n_xx_5_6_3,trl_w_e_xx_6_5_0
trl_e_w_xx_6_7_3,trl_n_s_xx_7_6_2,trl_s_n_xx_5_6_0,trl_w_e_xx_6_5_1
trl_e_w_xx_6_8_0,trl_n_s_xx_8_6_3,trl_s_n_xx_4_6_1,trl_w_e_xx_6_4_2
trl_e_w_xx_6_8_2,trl_n_s_xx_8_6_1,trl_s_n_xx_4_6_3,trl_w_e_xx_6_4_0
trl_e_w_xx_6_8_3,trl_n_s_xx_8_6_2,trl_s_n_xx_4_6_0,trl_w_e_xx_6_4_1
trl_e_w_xx_6_9_0,trl_n_s_xx_9_6_3,trl_s_n_xx_3_6_1,trl_w_e_xx_6_3_2
trl_e_w_xx_6_9_2,trl_n_s_xx_9_6_1,trl_s_n_xx_3_6_3,trl_w_e_xx_6_3_0
trl_e_w_xx_6_9_3,trl_n_s_xx_9_6_2,trl_s_n_xx_3_6_0,trl_w_e_xx_6_3_1
trl_e_w_xx_6_10_0,trl_n_s_xx_10_6_3,trl_s_n_xx_2_6_1,trl_w_e_xx_6_2_2
trl_e_w_xx_6_10_1,trl_n_s_xx_10_6_0,trl_s_n_xx_2_6_2,trl_w_e_xx_6_2_3
trl_e_w_xx_6_10_2,trl_n_s_xx_10_6_1,trl_s_n_xx_2_6_3,trl_w_e_xx_6_2_0
trl_e_w_xx_6_10_3,trl_n_s_xx_10_6_2,trl_s_n_xx_2_6_0,trl_w_e_xx_6_2_1
trl_e_w_xx_7_6_0,trl_n_s_xx_6_5_3,trl_s_n_xx_6_7_1,trl_w_e_xx_5_6_2
trl_e_w_xx_7_6_1,trl_n_s_xx_6_5_0,trl_s_n_xx_6_7_2,trl_w_e_xx_5_6_3
trl_e_w_xx_7_6_2,trl_n_s_xx_6_5_1,trl_s_n_xx_6_7_3,trl_w_e_xx_5_6_0
trl_e_w_xx_7_6_3,trl_n_s_xx_6_5_2,trl_s_n_xx_6_7_0,trl_w_e_xx_5_6_1
trl_e_w_xx_8_2_0,trl_n_s_xx_2_4_3,trl_s_n_xx_10_8_1,trl_w_e_xx_4_10_2
trl_e_w_xx_8_2_1,trl_n_s_xx_2_4_0,trl_s_n_xx_10_8_2,trl_w_e_xx_4_10_3
trl_e_w_xx_8_2_2,trl_n_s_xx_2_4_1,trl_s_n_xx_10_8_3,trl_w_e_xx_4_10_0
trl_e_w_xx_8_2_3,trl_n_s_xx_2_4_2,trl_s_n_xx_10_8_0,trl_w_e_xx_4_10_1
trl_e_w_xx_8_6_0,trl_n_s_xx_6_4_3,trl_s_n_xx_6_8_1,trl_w_e_xx_4_6_2
trl_e_w_xx_8_6_2,trl_n_s_xx_6_4_1,trl_s_n_xx_6_8_3,trl_w_e_xx_4_6_0
trl_e_w_xx_8_6_3,trl_n_s_xx_6_4_2,trl_s_n_xx_6_8_0,trl_w_e_xx_4_6_1
trl_e_w_xx_8_10_0,trl_n_s_xx_10_4_3,trl_s_n_xx_2_8_1,trl_w_e_xx_4_2_2
trl_e_w_xx_8_10_2,trl_n_s_xx_10_4_1,trl_s_n_xx_2_8_3,trl_w_e_xx_4_2_0
trl_e_w_xx_8_10_3,trl_n_s_xx_10_4_2,trl_s_n_xx_2_8_0,trl_w_e_xx_4_2_1
trl_e_w_xx_9_2_2,trl_n_s_xx_2_3_1,trl_s_n_xx_10_9_3,trl_w_e_xx_3_10_0
trl_e_w_xx_9_6_1,trl_n_s_xx_6_3_0,trl_s_n_xx_6_9_2,trl_w_e_xx_3_6_3
trl_e_w_xx_9_6_2,trl_n_s_xx_6_3_1,trl_s_n_xx_6_9_3,trl_w_e_xx_3_6_0
trl_e_w_xx_9_6_3,trl_n_s_xx_6_3_2,trl_s_n_xx_6_9_0,trl_w_e_xx_3_6_1
trl_e_w_xx_9_10_0,trl_n_s_xx_10_3_3,trl_s_n_xx_2_9_1,trl_w_e_xx_3_2_2
trl_e_w_xx_9_10_2,trl_n_s_xx_10_3_1,trl_s_n_xx_2_9_3,trl_w_e_xx_3_2_0
trl_e_w_xx_9_10_3,trl_n_s_xx_10_3_2,trl_s_n_xx_2_9_0,trl_w_e_xx_3_2_1
trl_e_w_xx_10_2_1,trl_n_s_xx_2_2_0,trl_s_n_xx_10_10_2,trl_w_e_xx_2_10_3
trl_e_w_xx_10_2_2,trl_n_s_xx_2_2_1,trl_s_n_xx_10_10_3,trl_w_e_xx_2_10_0
trl_e_w_xx_10_3_1,trl_n_s_xx_3_2_0,trl_s_n_xx_9_10_2,trl_w_e_xx_2_9_3
trl_e_w_xx_10_3_2,trl_n_s_xx_3_2_1,trl_s_n_xx_9_10_3,trl_w_e_xx_2_9_0
trl_e_w_xx_10_3_3,trl_n_s_xx_3_2_2,trl_s_n_xx_9_10_0,trl_w_e_xx_2_9_1
trl_e_w_xx_10_4_2,trl_n_s_xx_4_2_1,trl_s_n_xx_8_10_3,trl_w_e_xx_2_8_0
trl_e_w_xx_10_4_3,trl_n_s_xx_4_2_2,trl_s_n_xx_8_10_0,trl_w_e_xx_2_8_1
trl_e_w_xx_10_6_2,trl_n_s_xx_6_2_1,trl_s_n_xx_6_10_3,trl_w_e_xx_2_6_0
trl_e_w_xx_10_6_3,trl_n_s_xx_6_2_2,trl_s_n_xx_6_10_0,trl_w_e_xx_2_6_1
trl_e_w_xx_10_7_0,trl_n_s_xx_7_2_3,trl_s_n_xx_5_10_1,trl_w_e_xx_2_5_2
trl_e_w_xx_10_7_2,trl_n_s_xx_7_2_1,trl_s_n_xx_5_10_3,trl_w_e_xx_2_5_0
trl_e_w_xx_10_7_3,trl_n_s_xx_7_2_2,trl_s_n_xx_5_10_0,trl_w_e_xx_2_5_1
trl_e_w_xx_10_8_0,trl_n_s_xx_8_2_3,trl_s_n_xx_4_10_1,trl_w_e_xx_2_4_2
trl_e_w_xx_10_8_2,trl_n_s_xx_8_2_1,trl_s_n_xx_4_10_3,trl_w_e_xx_2_4_0
trl_e_w_xx_10_8_3,trl_n_s_xx_8_2_2,trl_s_n_xx_4_10_0,trl_w_e_xx_2_4_1
trl_e_w_xx_10_9_2,trl_n_s_xx_9_2_1,trl_s_n_xx_3_10_3,trl_w_e_xx_2_3_0
trl_e_w_xx_10_9_3,trl_n_s_xx_9_2_2,trl_s_n_xx_3_10_0,trl_w_e_xx_2_3_1
trl_e_w_xx_10_10_3,trl_n_s_xx_10_2_2,trl_s_n_xx_2_10_0,trl_w_e_xx_2_2_1
trl_e_w_xx_11_11_0,trl_n_s_xx_11_1_3,trl_s_n_xx_1_11_1,trl_w_e_xx_1_1_2
trl_e_w_xx_11_11_2,trl_n_s_xx_11_1_1,trl_s_n_xx_1_11_3,trl_w_e_xx_1_1_0
trl_e_w_xx_11_11_3,trl_n_s_xx_11_1_2,trl_s_n_xx_1_11_0,trl_w_e_xx_1_1_1
trl_e_x_xx_4_10_1,trl_e_x_xx_8_2_3,trl_n_x_xx_2_4_2,trl_n_x_xx_10_8_0,trl_s_x_xx_2_4_2,trl_s_x_xx_10_8_0,trl_w_x_xx_4_10_1,trl_w_x_xx_8_2_3
trl_e_x_xx_5_6_0,trl_e_x_xx_7_6_2,trl_n_x_xx_6_5_1,trl_n_x_xx_6_7_3,trl_s_x_xx_6_5_1,trl_s_x_xx_6_7_3,trl_w_x_xx_5_6_0,trl_w_x_xx_7_6_2
trl_e_x_xx_5_6_1,trl_e_x_xx_7_6_3,trl_n_x_xx_6_5_2,trl_n_x_xx_6_7_0,trl_s_x_xx_6_5_2,trl_s_x_xx_6_7_0,trl_w_x_xx_5_6_1,trl_w_x_xx_7_6_3
trl_e_x_xx_5_6_2,trl_n_x_xx_6_7_1,trl_s_x_xx_6_5_3,trl_w_x_xx_7_6_0
trl_e_x_xx_5_6_3,trl_e_x_xx_7_6_1,trl_n_x_xx_6_5_0,trl_n_x_xx_6_7_2,trl_s_x_xx_6_5_0,trl_s_x_xx_6_7_2,trl_w_x_xx_5_6_3,trl_w_x_xx_7_6_1
trl_e_x_xx_6_6_0,trl_n_x_xx_6_6_3,trl_s_x_xx_6_6_1,trl_w_x_xx_6_6_2
trl_e_x_xx_6_6_1,trl_n_x_xx_6_6_0,trl_s_x_xx_6_6_2,trl_w_x_xx_6_6_3
trl_e_x_xx_6_6_2,trl_n_x_xx_6_6_1,trl_s_x_xx_6_6_3,trl_w_x_xx_6_6_0
trl_e_x_xx_6_6_3,trl_n_x_xx_6_6_2,trl_s_x_xx_6_6_0,trl_w_x_xx_6_6_1
trl_e_x_xx_7_6_0,trl_n_x_xx_6_5_3,trl_s_x_xx_6_7_1,trl_w_x_xx_5_6_2
